{"type":"FeatureCollection","features":[{"type":"Feature","properties":{"GEOID":"18001","NAME":"Adams"},"geometry":{"type":"Polygon","coordinates":[[[-85.07386,40.91782],[-85.05343,40.918],[-84.99743,40.91876],[-84.9879,40.91912],[-84.95824,40.91967],[-84.90006,40.9204],[-84.88102,40.92065],[-84.80292,40.92257],[-84.80281,40.90225],[-84.80243,40.83468],[-84.80233,40.8151],[-84.80225,40.80075],[-84.80245,40.77165],[-84.80249,40.76534],[-84.80216,40.74718],[-84.80226,40.72936],[-84.80226,40.72815],[-84.80227,40.71858],[-84.80229,40.70299],[-84.80209,40.6915],[-84.8023,40.68055],[-84.80232,40.67726],[-84.80232,40.67479],[-84.80234,40.66034],[-84.80234,40.65847],[-84.80234,40.65755],[-84.80229,40.64302],[-84.8023,40.64048],[-84.80242,40.59694],[-84.80246,40.58236],[-84.80248,40.57267],[-84.80248,40.57221],[-84.86612,40.57152],[-84.87303,40.57129],[-84.87773,40.57138],[-84.90944,40.57094],[-84.93487,40.57066],[-84.95909,40.57028],[-84.97303,40.57003],[-84.99214,40.56959],[-84.99997,40.56949],[-85.00695,40.56909],[-85.05909,40.56837],[-85.06848,40.56824],[-85.07039,40.65552],[-85.06943,40.65552],[-85.06946,40.67972],[-85.06961,40.68683],[-85.0703,40.74312],[-85.07101,40.74312],[-85.07153,40.80091],[-85.0722,40.83091],[-85.07231,40.83154],[-85.07386,40.91782]]]}},{"type":"Feature","properties":{"GEOID":"18003","NAME":"Allen"},"geometry":{"type":"Polygon","coordinates":[[[-85.33828,41.17907],[-85.30979,41.17889],[-85.30973,41.2195],[-85.3095,41.23519],[-85.30922,41.25104],[-85.30778,41.26416],[-85.2626,41.26391],[-85.25584,41.26385],[-85.19209,41.26421],[-85.13508,41.26514],[-85.0778,41.2656],[-85.05859,41.2659],[-85.02015,41.26653],[-84.96262,41.26768],[-84.94117,41.26814],[-84.90043,41.26898],[-84.84742,41.27002],[-84.80359,41.27093],[-84.80359,41.27083],[-84.80353,41.25382],[-84.80353,41.25256],[-84.80344,41.18506],[-84.80343,41.18032],[-84.80355,41.17207],[-84.80344,41.16433],[-84.80344,41.16405],[-84.80344,41.16164],[-84.80349,41.14222],[-84.80349,41.13591],[-84.8035,41.12126],[-84.8034,41.09687],[-84.80337,41.08929],[-84.80335,41.07748],[-84.80328,41.00958],[-84.80326,40.98939],[-84.80326,40.98824],[-84.80292,40.92257],[-84.88102,40.92065],[-84.90006,40.9204],[-84.95824,40.91967],[-84.9879,40.91912],[-84.99743,40.91876],[-85.05343,40.918],[-85.07386,40.91782],[-85.10972,40.91733],[-85.22339,40.91698],[-85.27018,40.91706],[-85.27112,40.91706],[-85.2861,40.91704],[-85.2902,40.91704],[-85.33603,40.91708],[-85.33596,40.9315],[-85.33569,40.94597],[-85.33567,40.94638],[-85.3357,40.96046],[-85.33566,41.00159],[-85.33564,41.00525],[-85.3361,41.03384],[-85.33624,41.04467],[-85.33653,41.05907],[-85.33678,41.07502],[-85.33702,41.08972],[-85.33773,41.13369],[-85.33821,41.17275],[-85.33828,41.17907]]]}},{"type":"Feature","properties":{"GEOID":"18005","NAME":"Bartholomew"},"geometry":{"type":"Polygon","coordinates":[[[-86.0856,39.34419],[-86.02772,39.34561],[-86.01882,39.34581],[-85.99314,39.34654],[-85.99001,39.34659],[-85.98813,39.3467],[-85.98326,39.34667],[-85.97794,39.34662],[-85.97768,39.34662],[-85.97682,39.34675],[-85.96886,39.3469],[-85.9632,39.34705],[-85.952,39.34737],[-85.94282,39.34758],[-85.94264,39.34759],[-85.94235,39.3476],[-85.87094,39.34926],[-85.87057,39.34925],[-85.85746,39.34931],[-85.85406,39.3495],[-85.79878,39.35019],[-85.77038,39.35023],[-85.74177,39.35019],[-85.7187,39.35006],[-85.68452,39.35005],[-85.68568,39.31294],[-85.68585,39.3056],[-85.6862,39.30123],[-85.68601,39.2986],[-85.68666,39.26142],[-85.68665,39.26135],[-85.68682,39.24833],[-85.68699,39.23371],[-85.68699,39.23304],[-85.68728,39.18968],[-85.68716,39.18903],[-85.68729,39.18561],[-85.6871,39.16012],[-85.68678,39.13086],[-85.74331,39.13031],[-85.76176,39.12946],[-85.76244,39.12926],[-85.77112,39.12918],[-85.77435,39.12915],[-85.79983,39.1289],[-85.79971,39.12745],[-85.7988,39.06854],[-85.80084,39.06908],[-85.80421,39.0708],[-85.80745,39.07074],[-85.81039,39.06965],[-85.81284,39.06975],[-85.81239,39.06836],[-85.81578,39.06947],[-85.81645,39.07089],[-85.81928,39.06909],[-85.8212,39.06875],[-85.82285,39.06971],[-85.82445,39.06636],[-85.82674,39.06544],[-85.82826,39.06359],[-85.83296,39.06366],[-85.83949,39.06218],[-85.84113,39.06321],[-85.8431,39.06089],[-85.84714,39.05983],[-85.84725,39.05651],[-85.84728,39.05523],[-85.84971,39.05498],[-85.8514,39.05566],[-85.85376,39.05485],[-85.85607,39.05157],[-85.85774,39.04993],[-85.86036,39.04968],[-85.86245,39.04892],[-85.86234,39.04654],[-85.8595,39.04478],[-85.85898,39.04302],[-85.86057,39.04091],[-85.87367,39.04065],[-85.87747,39.0404],[-85.88475,39.04053],[-85.90563,39.04036],[-85.90724,39.04037],[-85.90933,39.04028],[-85.96093,39.03815],[-85.98381,39.03777],[-86.02253,39.03677],[-86.06173,39.036],[-86.07984,39.0359],[-86.08027,39.05027],[-86.08093,39.07963],[-86.07903,39.07964],[-86.07922,39.09447],[-86.07928,39.09862],[-86.07936,39.10483],[-86.07985,39.12697],[-86.08024,39.14963],[-86.08029,39.15254],[-86.08068,39.16834],[-86.08077,39.17191],[-86.08125,39.19735],[-86.08168,39.21938],[-86.08182,39.22629],[-86.08204,39.23384],[-86.08241,39.24681],[-86.08262,39.25596],[-86.08338,39.25599],[-86.08409,39.29964],[-86.0841,39.29991],[-86.08442,39.32797],[-86.0856,39.34419]]]}},{"type":"Feature","properties":{"GEOID":"18007","NAME":"Benton"},"geometry":{"type":"Polygon","coordinates":[[[-87.52637,40.49124],[-87.52632,40.49399],[-87.52637,40.52025],[-87.52625,40.56422],[-87.52624,40.56727],[-87.52621,40.57824],[-87.52621,40.57866],[-87.52621,40.60791],[-87.52622,40.64978],[-87.52622,40.66051],[-87.52616,40.69008],[-87.52605,40.73628],[-87.52605,40.73689],[-87.43948,40.73671],[-87.43913,40.7367],[-87.38175,40.73651],[-87.32459,40.73655],[-87.30564,40.73657],[-87.2673,40.73658],[-87.21119,40.73667],[-87.17283,40.73671],[-87.09839,40.73654],[-87.09682,40.73649],[-87.0972,40.72153],[-87.09734,40.66791],[-87.09776,40.66674],[-87.09741,40.66411],[-87.0973,40.64955],[-87.09536,40.56289],[-87.09425,40.50692],[-87.09394,40.49414],[-87.09386,40.48694],[-87.09356,40.48429],[-87.09363,40.48121],[-87.09368,40.47575],[-87.17839,40.47563],[-87.20695,40.47566],[-87.26408,40.47625],[-87.32133,40.4764],[-87.37799,40.47679],[-87.3972,40.47688],[-87.43504,40.47671],[-87.5266,40.47688],[-87.52637,40.49124]]]}},{"type":"Feature","properties":{"GEOID":"18009","NAME":"Blackford"},"geometry":{"type":"Polygon","coordinates":[[[-85.44701,40.56693],[-85.33367,40.56733],[-85.28801,40.56712],[-85.221,40.56725],[-85.20115,40.56724],[-85.20131,40.55213],[-85.20118,40.52502],[-85.2014,40.52132],[-85.20107,40.51992],[-85.20071,40.50162],[-85.20068,40.48678],[-85.20086,40.4795],[-85.20651,40.47937],[-85.20657,40.39468],[-85.20669,40.39261],[-85.20689,40.39143],[-85.20686,40.38282],[-85.20687,40.3819],[-85.20683,40.37918],[-85.21152,40.37919],[-85.21235,40.37919],[-85.21633,40.37918],[-85.21855,40.37922],[-85.2199,40.37903],[-85.22073,40.37922],[-85.33174,40.37822],[-85.33173,40.37881],[-85.35091,40.37842],[-85.44432,40.37875],[-85.44433,40.37914],[-85.44481,40.42189],[-85.44559,40.46433],[-85.44557,40.46581],[-85.44583,40.4793],[-85.44701,40.56693]]]}},{"type":"Feature","properties":{"GEOID":"18011","NAME":"Boone"},"geometry":{"type":"Polygon","coordinates":[[[-86.69582,40.03995],[-86.69564,40.08064],[-86.69571,40.0984],[-86.6957,40.14353],[-86.6958,40.17866],[-86.6762,40.179],[-86.61879,40.17848],[-86.61835,40.17859],[-86.61621,40.17832],[-86.58119,40.1777],[-86.57206,40.17767],[-86.46779,40.17704],[-86.43182,40.177],[-86.36602,40.17782],[-86.35645,40.17811],[-86.35633,40.17857],[-86.34877,40.17849],[-86.33748,40.17888],[-86.31855,40.17926],[-86.28507,40.17992],[-86.28261,40.17968],[-86.27596,40.17994],[-86.26165,40.18011],[-86.26155,40.18017],[-86.24237,40.18078],[-86.24218,40.16583],[-86.24197,40.14612],[-86.2419,40.12962],[-86.24172,40.09985],[-86.24146,40.07082],[-86.24142,40.04154],[-86.24107,39.99877],[-86.2411,39.99864],[-86.24125,39.99804],[-86.24107,39.99152],[-86.24118,39.97709],[-86.24102,39.96257],[-86.2409,39.94075],[-86.24074,39.92606],[-86.25985,39.92511],[-86.26825,39.92492],[-86.27847,39.92473],[-86.32139,39.92416],[-86.32629,39.92403],[-86.3296,39.92417],[-86.33326,39.92414],[-86.3402,39.92411],[-86.35183,39.92407],[-86.35526,39.92404],[-86.35996,39.924],[-86.39056,39.92379],[-86.39771,39.92377],[-86.42905,39.92366],[-86.43087,39.92349],[-86.44985,39.9233],[-86.46867,39.92278],[-86.50603,39.92291],[-86.53431,39.92282],[-86.54371,39.92279],[-86.57616,39.92269],[-86.58158,39.92282],[-86.58771,39.92273],[-86.59588,39.9227],[-86.61604,39.92268],[-86.61869,39.9227],[-86.61943,39.92265],[-86.62109,39.92277],[-86.62858,39.9228],[-86.63225,39.9228],[-86.63441,39.9228],[-86.63856,39.92281],[-86.65723,39.92309],[-86.69507,39.92277],[-86.69515,39.93743],[-86.6952,39.95235],[-86.69537,39.98615],[-86.69557,39.99586],[-86.69536,40.0],[-86.69578,40.01058],[-86.69582,40.03995]]]}},{"type":"Feature","properties":{"GEOID":"18013","NAME":"Brown"},"geometry":{"type":"Polygon","coordinates":[[[-86.38139,39.33975],[-86.36235,39.34006],[-86.32608,39.34079],[-86.32368,39.34104],[-86.30907,39.34108],[-86.28968,39.34137],[-86.25669,39.34184],[-86.25464,39.34168],[-86.25168,39.34167],[-86.23434,39.34193],[-86.16271,39.34263],[-86.1621,39.34283],[-86.14424,39.34316],[-86.13957,39.34306],[-86.12319,39.34341],[-86.10276,39.34385],[-86.09481,39.344],[-86.0856,39.34419],[-86.08442,39.32797],[-86.0841,39.29991],[-86.08409,39.29964],[-86.08338,39.25599],[-86.08262,39.25596],[-86.08241,39.24681],[-86.08204,39.23384],[-86.08182,39.22629],[-86.08168,39.21938],[-86.08125,39.19735],[-86.08077,39.17191],[-86.08068,39.16834],[-86.08029,39.15254],[-86.08024,39.14963],[-86.07985,39.12697],[-86.07936,39.10483],[-86.07928,39.09862],[-86.07922,39.09447],[-86.07903,39.07964],[-86.08093,39.07963],[-86.08027,39.05027],[-86.17237,39.04856],[-86.24444,39.04836],[-86.24448,39.04917],[-86.2998,39.04886],[-86.31813,39.04881],[-86.33699,39.04895],[-86.35076,39.04869],[-86.37007,39.04838],[-86.36921,39.06173],[-86.36917,39.07683],[-86.36946,39.08115],[-86.36911,39.08964],[-86.36969,39.14376],[-86.37019,39.15265],[-86.37029,39.16545],[-86.37039,39.17865],[-86.37199,39.22356],[-86.37219,39.23808],[-86.3722,39.23828],[-86.37243,39.24902],[-86.37241,39.25091],[-86.37994,39.25108],[-86.38139,39.33975]]]}},{"type":"Feature","properties":{"GEOID":"18015","NAME":"Carroll"},"geometry":{"type":"Polygon","coordinates":[[[-86.77423,40.66403],[-86.7583,40.66428],[-86.75822,40.66755],[-86.75538,40.67077],[-86.75418,40.67145],[-86.75142,40.67193],[-86.74948,40.67319],[-86.74743,40.67342],[-86.74545,40.67462],[-86.74269,40.67837],[-86.74227,40.67959],[-86.74259,40.68124],[-86.74424,40.68247],[-86.74559,40.68205],[-86.74859,40.67816],[-86.7557,40.67696],[-86.75859,40.67698],[-86.76171,40.67863],[-86.76223,40.67989],[-86.76073,40.68222],[-86.75539,40.68327],[-86.75414,40.68582],[-86.7531,40.68681],[-86.74949,40.68726],[-86.74871,40.6884],[-86.75096,40.68912],[-86.75372,40.68935],[-86.75481,40.69021],[-86.75508,40.69356],[-86.75583,40.69523],[-86.76137,40.69792],[-86.76194,40.70009],[-86.75955,40.70281],[-86.75964,40.70549],[-86.75869,40.7102],[-86.7549,40.71348],[-86.75001,40.71492],[-86.74782,40.71626],[-86.74746,40.71799],[-86.75001,40.71956],[-86.75629,40.72161],[-86.75753,40.72376],[-86.75747,40.72618],[-86.75727,40.72703],[-86.75431,40.73159],[-86.75357,40.73221],[-86.75268,40.73387],[-86.74776,40.73754],[-86.70197,40.73715],[-86.6971,40.7371],[-86.67799,40.73675],[-86.65878,40.7366],[-86.62993,40.73628],[-86.62039,40.73622],[-86.58174,40.73577],[-86.52514,40.73544],[-86.52507,40.71826],[-86.52521,40.7172],[-86.52516,40.69242],[-86.46793,40.69196],[-86.4487,40.69213],[-86.39148,40.69236],[-86.37352,40.69246],[-86.37382,40.65104],[-86.37358,40.6488],[-86.37392,40.60545],[-86.37396,40.60498],[-86.37399,40.59773],[-86.37425,40.59468],[-86.37399,40.59274],[-86.37442,40.56136],[-86.37515,40.51784],[-86.37527,40.50171],[-86.37548,40.50004],[-86.37549,40.49259],[-86.3755,40.48901],[-86.37576,40.43185],[-86.4304,40.4314],[-86.43079,40.43127],[-86.4685,40.43097],[-86.52507,40.43126],[-86.56346,40.43144],[-86.56815,40.43145],[-86.58093,40.43149],[-86.60603,40.43149],[-86.69467,40.43216],[-86.69477,40.46804],[-86.69482,40.47508],[-86.6949,40.48204],[-86.69516,40.5326],[-86.69516,40.53313],[-86.69528,40.54742],[-86.6953,40.55628],[-86.69535,40.56187],[-86.6976,40.56188],[-86.77129,40.56208],[-86.77181,40.59406],[-86.77212,40.60766],[-86.77187,40.6086],[-86.77255,40.63832],[-86.77257,40.63887],[-86.77271,40.64825],[-86.77261,40.64919],[-86.77385,40.64919],[-86.77423,40.66403]]]}},{"type":"Feature","properties":{"GEOID":"18017","NAME":"Cass"},"geometry":{"type":"Polygon","coordinates":[[[-86.58162,40.75039],[-86.58157,40.75409],[-86.58111,40.77988],[-86.5804,40.82481],[-86.58089,40.86259],[-86.58153,40.91092],[-86.50002,40.90992],[-86.49734,40.90971],[-86.47276,40.90981],[-86.46851,40.90989],[-86.46823,40.90988],[-86.35587,40.90945],[-86.3317,40.90969],[-86.33074,40.90942],[-86.31899,40.90939],[-86.31421,40.90937],[-86.2938,40.90933],[-86.29246,40.90944],[-86.27392,40.90935],[-86.27064,40.90943],[-86.26814,40.90924],[-86.24243,40.90906],[-86.16901,40.90984],[-86.16851,40.90945],[-86.16766,40.866],[-86.16769,40.82959],[-86.16799,40.81637],[-86.16824,40.79327],[-86.16831,40.78587],[-86.16886,40.74352],[-86.16692,40.7432],[-86.16572,40.74289],[-86.16584,40.72899],[-86.16662,40.6784],[-86.16665,40.67663],[-86.16669,40.67463],[-86.16632,40.67152],[-86.16619,40.66425],[-86.16604,40.65701],[-86.16587,40.64964],[-86.16584,40.64256],[-86.16584,40.64129],[-86.16544,40.63421],[-86.16538,40.63397],[-86.16527,40.60515],[-86.16523,40.5844],[-86.16502,40.56265],[-86.18404,40.56246],[-86.20298,40.56236],[-86.22207,40.56217],[-86.24228,40.56196],[-86.26125,40.56188],[-86.28014,40.56177],[-86.28022,40.56177],[-86.34673,40.56133],[-86.37442,40.56136],[-86.37399,40.59274],[-86.37425,40.59468],[-86.37399,40.59773],[-86.37396,40.60498],[-86.37392,40.60545],[-86.37358,40.6488],[-86.37382,40.65104],[-86.37352,40.69246],[-86.39148,40.69236],[-86.4487,40.69213],[-86.46793,40.69196],[-86.52516,40.69242],[-86.52521,40.7172],[-86.52507,40.71826],[-86.52514,40.73544],[-86.58174,40.73577],[-86.58162,40.75039]]]}},{"type":"Feature","properties":{"GEOID":"18019","NAME":"Clark"},"geometry":{"type":"Polygon","coordinates":[[[-85.99463,38.42969],[-85.9939,38.4327],[-85.99415,38.45336],[-85.99401,38.47228],[-85.99394,38.47395],[-85.99332,38.48854],[-85.99067,38.48858],[-85.97383,38.48873],[-85.96934,38.4888],[-85.96618,38.48885],[-85.95619,38.48896],[-85.95623,38.49905],[-85.9571,38.50195],[-85.93468,38.50229],[-85.92762,38.50257],[-85.9214,38.50246],[-85.91337,38.50266],[-85.90327,38.50257],[-85.88478,38.50347],[-85.88457,38.5088],[-85.88471,38.51815],[-85.86627,38.51843],[-85.86634,38.54709],[-85.84759,38.54714],[-85.84789,38.56127],[-85.82116,38.56142],[-85.82146,38.57539],[-85.81216,38.57555],[-85.81234,38.58291],[-85.80299,38.58301],[-85.80314,38.59026],[-85.79363,38.59033],[-85.79358,38.60481],[-85.78136,38.60508],[-85.76548,38.60548],[-85.7554,38.60562],[-85.74996,38.60585],[-85.72383,38.60553],[-85.71972,38.60554],[-85.67033,38.60573],[-85.66124,38.60556],[-85.64272,38.60563],[-85.63273,38.60558],[-85.56998,38.60616],[-85.49667,38.60674],[-85.49645,38.59222],[-85.4787,38.59243],[-85.47876,38.58618],[-85.44313,38.58601],[-85.42859,38.58635],[-85.41897,38.57132],[-85.41582,38.56356],[-85.41582,38.56286],[-85.41575,38.54672],[-85.41705,38.54173],[-85.42244,38.53293],[-85.42874,38.52707],[-85.43325,38.52468],[-85.43844,38.52193],[-85.45855,38.51468],[-85.46686,38.51084],[-85.46715,38.51059],[-85.4732,38.50535],[-85.47512,38.50369],[-85.47947,38.49453],[-85.48125,38.48837],[-85.4829,38.4857],[-85.48884,38.47804],[-85.49142,38.4747],[-85.49887,38.46824],[-85.5094,38.46349],[-85.51564,38.46112],[-85.52479,38.45764],[-85.53821,38.45521],[-85.54196,38.45479],[-85.55241,38.45361],[-85.56251,38.45332],[-85.56623,38.45279],[-85.57491,38.45258],[-85.58603,38.45009],[-85.5971,38.4451],[-85.60446,38.44082],[-85.60971,38.43482],[-85.61828,38.42635],[-85.62056,38.42259],[-85.62072,38.42233],[-85.62054,38.42043],[-85.62211,38.41681],[-85.62406,38.41233],[-85.62996,38.40231],[-85.63294,38.39567],[-85.63294,38.39565],[-85.63368,38.39333],[-85.63509,38.38893],[-85.63566,38.38713],[-85.63693,38.38318],[-85.63723,38.38223],[-85.63768,38.38082],[-85.63786,38.38026],[-85.63786,38.38025],[-85.63836,38.37702],[-85.63839,38.3761],[-85.6384,38.37569],[-85.63842,38.37453],[-85.63867,38.3642],[-85.63868,38.36395],[-85.64231,38.35238],[-85.64431,38.34602],[-85.64435,38.34593],[-85.64503,38.34446],[-85.64631,38.34169],[-85.65097,38.33161],[-85.65136,38.33074],[-85.6541,38.32602],[-85.65536,38.32385],[-85.65939,38.3199],[-85.6599,38.3194],[-85.66687,38.31178],[-85.66792,38.31063],[-85.67357,38.30233],[-85.6758,38.3008],[-85.67695,38.3],[-85.68356,38.29547],[-85.69937,38.28785],[-85.70399,38.28563],[-85.70466,38.2853],[-85.70512,38.28508],[-85.71601,38.27983],[-85.73253,38.27188],[-85.73544,38.27048],[-85.74086,38.26787],[-85.74468,38.26725],[-85.7447,38.26725],[-85.74508,38.26719],[-85.75066,38.26789],[-85.7512,38.26796],[-85.75147,38.268],[-85.76093,38.27198],[-85.7614,38.27237],[-85.76716,38.27732],[-85.7659,38.27908],[-85.76599,38.28034],[-85.77141,38.2841],[-85.77227,38.28559],[-85.77738,38.28655],[-85.77739,38.28655],[-85.77951,38.28768],[-85.78103,38.28848],[-85.7869,38.28853],[-85.79108,38.28776],[-85.79026,38.29051],[-85.79079,38.2982],[-85.79081,38.29829],[-85.79092,38.29836],[-85.79106,38.29876],[-85.79142,38.30051],[-85.79145,38.30068],[-85.79149,38.30078],[-85.79212,38.30193],[-85.79568,38.3052],[-85.79596,38.30657],[-85.79518,38.30723],[-85.79324,38.30743],[-85.79059,38.30734],[-85.78793,38.30817],[-85.78761,38.30899],[-85.78787,38.30946],[-85.79116,38.31089],[-85.79348,38.31272],[-85.79328,38.31528],[-85.7916,38.31661],[-85.78844,38.31858],[-85.78359,38.32006],[-85.78336,38.3216],[-85.78495,38.32249],[-85.79108,38.32455],[-85.79409,38.32485],[-85.79715,38.33248],[-85.79531,38.33408],[-85.79485,38.33423],[-85.79344,38.33431],[-85.78962,38.33317],[-85.78768,38.33171],[-85.78329,38.33187],[-85.78284,38.33274],[-85.78375,38.33546],[-85.78949,38.33763],[-85.79026,38.33887],[-85.78989,38.33993],[-85.78683,38.33981],[-85.78496,38.33873],[-85.78296,38.33894],[-85.78215,38.33995],[-85.78148,38.34187],[-85.77732,38.3431],[-85.77391,38.34284],[-85.77258,38.3436],[-85.76882,38.34575],[-85.76402,38.34855],[-85.76107,38.3504],[-85.77159,38.36257],[-85.77472,38.3661],[-85.77654,38.36812],[-85.77862,38.37056],[-85.77961,38.37166],[-85.78127,38.37359],[-85.78274,38.3728],[-85.78478,38.37493],[-85.78713,38.37758],[-85.78789,38.37838],[-85.79023,38.38102],[-85.79331,38.38435],[-85.80336,38.39564],[-85.80822,38.40071],[-85.80773,38.40431],[-85.828,38.40427],[-85.82934,38.40425],[-85.88328,38.40416],[-85.89306,38.40401],[-85.89433,38.40403],[-85.9204,38.40392],[-85.94931,38.40358],[-85.96672,38.40366],[-85.96689,38.41088],[-85.97612,38.41083],[-85.99463,38.41087],[-85.99462,38.41835],[-85.99463,38.42969]]]}},{"type":"Feature","properties":{"GEOID":"18021","NAME":"Clay"},"geometry":{"type":"Polygon","coordinates":[[[-87.2407,39.18622],[-87.24065,39.20024],[-87.24055,39.21543],[-87.24046,39.23427],[-87.24062,39.2372],[-87.24038,39.25906],[-87.24032,39.26646],[-87.24012,39.30278],[-87.23983,39.34664],[-87.23956,39.41904],[-87.23964,39.42025],[-87.23956,39.43356],[-87.23955,39.43582],[-87.23956,39.44503],[-87.23946,39.44592],[-87.23932,39.46265],[-87.23922,39.46455],[-87.23923,39.4846],[-87.23925,39.49663],[-87.23908,39.50016],[-87.23915,39.5041],[-87.23907,39.50653],[-87.23896,39.52062],[-87.20011,39.51986],[-87.19921,39.58831],[-87.19901,39.60714],[-87.12424,39.60576],[-87.1207,39.60572],[-87.03537,39.60506],[-87.03074,39.60487],[-87.01306,39.60479],[-87.0136,39.56071],[-87.01397,39.53519],[-87.01426,39.51709],[-87.01454,39.48809],[-87.01468,39.47848],[-87.01453,39.47357],[-87.00001,39.47375],[-86.97705,39.4736],[-86.93998,39.47335],[-86.94021,39.46429],[-86.94099,39.45569],[-86.94121,39.44759],[-86.94134,39.44308],[-86.94176,39.42931],[-86.94241,39.42936],[-86.94229,39.39991],[-86.9422,39.37102],[-86.94247,39.34204],[-86.94728,39.34216],[-86.95528,39.34234],[-86.96629,39.34223],[-86.96754,39.34214],[-87.05365,39.34262],[-87.05406,39.30686],[-87.05416,39.30624],[-87.05483,39.2699],[-87.05488,39.25939],[-87.05446,39.25575],[-87.05421,39.22075],[-87.05467,39.21543],[-87.05472,39.17749],[-87.05458,39.17482],[-87.05472,39.16872],[-87.05458,39.16809],[-87.06318,39.16799],[-87.06834,39.16797],[-87.07351,39.16831],[-87.12893,39.16899],[-87.18484,39.17043],[-87.18487,39.17043],[-87.19425,39.17064],[-87.20813,39.17102],[-87.21298,39.17114],[-87.24074,39.17177],[-87.2407,39.18622]]]}},{"type":"Feature","properties":{"GEOID":"18023","NAME":"Clinton"},"geometry":{"type":"Polygon","coordinates":[[[-86.69564,40.21437],[-86.6953,40.24343],[-86.69529,40.24877],[-86.69525,40.25821],[-86.69516,40.3012],[-86.69517,40.30133],[-86.69516,40.31589],[-86.69483,40.3668],[-86.69467,40.38865],[-86.69467,40.43216],[-86.60603,40.43149],[-86.58093,40.43149],[-86.56815,40.43145],[-86.56346,40.43144],[-86.52507,40.43126],[-86.4685,40.43097],[-86.43079,40.43127],[-86.4304,40.4314],[-86.37576,40.43185],[-86.3568,40.43185],[-86.30925,40.43171],[-86.30933,40.38837],[-86.28083,40.38834],[-86.28075,40.37373],[-86.24299,40.37366],[-86.24295,40.34474],[-86.24289,40.33748],[-86.24276,40.30876],[-86.2426,40.27367],[-86.24229,40.24993],[-86.24245,40.24489],[-86.24273,40.23157],[-86.24256,40.23021],[-86.24274,40.21583],[-86.24237,40.18078],[-86.26155,40.18017],[-86.26165,40.18011],[-86.27596,40.17994],[-86.28261,40.17968],[-86.28507,40.17992],[-86.31855,40.17926],[-86.33748,40.17888],[-86.34877,40.17849],[-86.35633,40.17857],[-86.35645,40.17811],[-86.36602,40.17782],[-86.43182,40.177],[-86.46779,40.17704],[-86.57206,40.17767],[-86.58119,40.1777],[-86.61621,40.17832],[-86.61835,40.17859],[-86.61879,40.17848],[-86.6762,40.179],[-86.6958,40.17866],[-86.69564,40.21437]]]}},{"type":"Feature","properties":{"GEOID":"18025","NAME":"Crawford"},"geometry":{"type":"Polygon","coordinates":[[[-86.68142,38.39477],[-86.61548,38.39551],[-86.61478,38.39546],[-86.56947,38.39603],[-86.51667,38.39639],[-86.51375,38.39642],[-86.45673,38.39642],[-86.4517,38.39646],[-86.42708,38.3961],[-86.42089,38.39602],[-86.38262,38.39558],[-86.37498,38.39482],[-86.37121,38.39497],[-86.36551,38.3946],[-86.34506,38.39458],[-86.34323,38.39464],[-86.3392,38.3943],[-86.31699,38.39426],[-86.30887,38.39407],[-86.30867,38.42287],[-86.25504,38.42269],[-86.25692,38.4197],[-86.25758,38.41775],[-86.25912,38.41624],[-86.26078,38.41382],[-86.26343,38.41248],[-86.26484,38.41111],[-86.26376,38.41016],[-86.26028,38.40961],[-86.25835,38.41014],[-86.25302,38.40762],[-86.25172,38.40613],[-86.2524,38.40265],[-86.25304,38.40224],[-86.25248,38.40065],[-86.2507,38.39789],[-86.25142,38.39564],[-86.25328,38.39437],[-86.25571,38.39488],[-86.25905,38.39809],[-86.26077,38.39762],[-86.2616,38.39484],[-86.25904,38.39319],[-86.25121,38.39151],[-86.24602,38.38882],[-86.24558,38.38742],[-86.25047,38.38328],[-86.25237,38.38317],[-86.25502,38.38441],[-86.25567,38.38556],[-86.2557,38.38894],[-86.25633,38.38961],[-86.25898,38.38938],[-86.25992,38.38822],[-86.26118,38.38044],[-86.25915,38.37638],[-86.25922,38.37264],[-86.25747,38.36906],[-86.25805,38.36683],[-86.25617,38.36556],[-86.25392,38.36484],[-86.24837,38.36369],[-86.24794,38.36117],[-86.24942,38.35913],[-86.25246,38.35639],[-86.25273,38.35526],[-86.24759,38.35124],[-86.24716,38.34946],[-86.24792,38.34876],[-86.25078,38.34846],[-86.25355,38.35227],[-86.25658,38.35394],[-86.26115,38.35565],[-86.26272,38.3572],[-86.26361,38.35995],[-86.265,38.36201],[-86.26628,38.36216],[-86.27076,38.36128],[-86.27153,38.36069],[-86.2734,38.35619],[-86.27719,38.35388],[-86.28114,38.35063],[-86.28177,38.34938],[-86.28107,38.3484],[-86.27514,38.34951],[-86.27352,38.34504],[-86.27163,38.34244],[-86.27154,38.34114],[-86.27291,38.34054],[-86.27636,38.34031],[-86.27624,38.33817],[-86.27491,38.33581],[-86.27486,38.33368],[-86.27367,38.32969],[-86.27698,38.32738],[-86.27695,38.32654],[-86.27368,38.32445],[-86.27347,38.32111],[-86.27482,38.32035],[-86.2785,38.32083],[-86.28173,38.32374],[-86.28239,38.32598],[-86.28272,38.32975],[-86.28455,38.33196],[-86.28564,38.33186],[-86.28708,38.3304],[-86.28742,38.32887],[-86.28667,38.32738],[-86.28351,38.32523],[-86.28322,38.32418],[-86.28479,38.32074],[-86.28912,38.31752],[-86.28972,38.31652],[-86.28889,38.31551],[-86.28614,38.3144],[-86.28333,38.31191],[-86.28161,38.31088],[-86.27786,38.30956],[-86.27622,38.30854],[-86.27589,38.3068],[-86.27842,38.30301],[-86.2777,38.30136],[-86.2758,38.30042],[-86.27459,38.30083],[-86.27199,38.3058],[-86.26959,38.30794],[-86.26585,38.30856],[-86.26364,38.30805],[-86.25885,38.30564],[-86.25896,38.30509],[-86.26191,38.30372],[-86.26403,38.30411],[-86.26506,38.30244],[-86.26472,38.29881],[-86.26495,38.29587],[-86.26439,38.29466],[-86.26306,38.29495],[-86.26122,38.29666],[-86.25879,38.29695],[-86.25512,38.2965],[-86.25337,38.29533],[-86.25275,38.29383],[-86.25314,38.2919],[-86.25487,38.29067],[-86.25643,38.28783],[-86.25669,38.28435],[-86.2581,38.28358],[-86.26138,38.28408],[-86.26331,38.28555],[-86.26555,38.28625],[-86.26672,38.28489],[-86.2675,38.28019],[-86.26979,38.27839],[-86.27263,38.2813],[-86.27646,38.28595],[-86.27779,38.28677],[-86.27944,38.28619],[-86.28042,38.28482],[-86.27987,38.28304],[-86.27889,38.28229],[-86.27604,38.28148],[-86.27476,38.27996],[-86.2749,38.27844],[-86.27504,38.27342],[-86.27558,38.26608],[-86.27674,38.23408],[-86.27696,38.22713],[-86.27819,38.22626],[-86.28051,38.22314],[-86.28386,38.2209],[-86.28629,38.22107],[-86.29089,38.22405],[-86.2933,38.22458],[-86.29493,38.22396],[-86.29812,38.22092],[-86.2982,38.21914],[-86.29743,38.21819],[-86.29282,38.21585],[-86.29063,38.21523],[-86.28906,38.21419],[-86.28843,38.21287],[-86.28999,38.21051],[-86.29508,38.20907],[-86.29425,38.207],[-86.2899,38.20269],[-86.28972,38.20203],[-86.29199,38.20132],[-86.29449,38.20185],[-86.295,38.2037],[-86.29836,38.20319],[-86.29982,38.20252],[-86.30651,38.20252],[-86.30856,38.20024],[-86.30917,38.19754],[-86.31045,38.19243],[-86.31043,38.18965],[-86.31168,38.18885],[-86.31704,38.18939],[-86.3182,38.1881],[-86.3172,38.18622],[-86.31522,38.18456],[-86.30996,38.18184],[-86.30982,38.18045],[-86.31279,38.17813],[-86.31516,38.17777],[-86.31732,38.17814],[-86.32162,38.1802],[-86.32441,38.18221],[-86.32768,38.18274],[-86.32967,38.1817],[-86.33348,38.18437],[-86.34266,38.19145],[-86.34774,38.19536],[-86.35772,38.19881],[-86.35801,38.19876],[-86.3675,38.19731],[-86.3738,38.19335],[-86.37525,38.19086],[-86.37815,38.18585],[-86.37858,38.17857],[-86.37743,38.17138],[-86.37174,38.16418],[-86.36606,38.16153],[-86.35755,38.15991],[-86.34486,38.15897],[-86.32803,38.15479],[-86.32393,38.15237],[-86.32119,38.14701],[-86.32385,38.13841],[-86.32911,38.132],[-86.33366,38.12924],[-86.34056,38.12774],[-86.35247,38.12846],[-86.37532,38.13063],[-86.37977,38.12927],[-86.38781,38.12439],[-86.39184,38.11715],[-86.39615,38.10715],[-86.40188,38.10433],[-86.40507,38.1058],[-86.41733,38.11635],[-86.4182,38.11709],[-86.42654,38.12311],[-86.42954,38.12528],[-86.43969,38.12741],[-86.44979,38.12722],[-86.45712,38.12453],[-86.46103,38.12117],[-86.46176,38.13231],[-86.46198,38.1403],[-86.46125,38.17127],[-86.4606,38.20148],[-86.46043,38.20683],[-86.57167,38.20753],[-86.57112,38.22433],[-86.57014,38.26633],[-86.57296,38.26621],[-86.64155,38.26333],[-86.64295,38.26328],[-86.67951,38.26309],[-86.68013,38.30148],[-86.68034,38.30306],[-86.68053,38.32215],[-86.68057,38.32511],[-86.68091,38.35096],[-86.68122,38.37453],[-86.68142,38.39477]]]}},{"type":"Feature","properties":{"GEOID":"18027","NAME":"Daviess"},"geometry":{"type":"Polygon","coordinates":[[[-87.27917,38.69394],[-87.27262,38.69647],[-87.26983,38.69821],[-87.26701,38.70072],[-87.26706,38.70198],[-87.26953,38.70574],[-87.26963,38.70843],[-87.26839,38.70961],[-87.26445,38.711],[-87.26388,38.71427],[-87.26268,38.71565],[-87.25837,38.71745],[-87.25704,38.71886],[-87.25712,38.72178],[-87.2599,38.72442],[-87.26195,38.72736],[-87.26246,38.7289],[-87.26258,38.72946],[-87.26283,38.73031],[-87.26094,38.73385],[-87.25885,38.73341],[-87.25904,38.73127],[-87.25836,38.72989],[-87.25566,38.72944],[-87.25389,38.72991],[-87.25302,38.72703],[-87.24999,38.72561],[-87.24734,38.72687],[-87.247,38.72889],[-87.2478,38.73037],[-87.24948,38.73119],[-87.2528,38.73141],[-87.2551,38.73271],[-87.25534,38.73384],[-87.25448,38.73565],[-87.25133,38.73819],[-87.25041,38.74027],[-87.24895,38.7417],[-87.24691,38.74253],[-87.2455,38.74245],[-87.2435,38.74108],[-87.24129,38.74044],[-87.23872,38.74116],[-87.2381,38.74231],[-87.23855,38.74323],[-87.24048,38.74385],[-87.24302,38.74394],[-87.24513,38.74546],[-87.24482,38.74855],[-87.25002,38.75225],[-87.25246,38.75427],[-87.25296,38.75676],[-87.25115,38.75828],[-87.2479,38.75823],[-87.24622,38.75621],[-87.2448,38.75173],[-87.24387,38.75005],[-87.24065,38.74911],[-87.23905,38.74987],[-87.23915,38.75113],[-87.24154,38.75234],[-87.24296,38.75362],[-87.24408,38.7558],[-87.2446,38.75824],[-87.24422,38.76067],[-87.24254,38.76294],[-87.23919,38.76615],[-87.2397,38.76733],[-87.24315,38.76884],[-87.24588,38.76803],[-87.24813,38.76606],[-87.25001,38.76515],[-87.25285,38.76467],[-87.25589,38.76559],[-87.25779,38.7686],[-87.25766,38.77164],[-87.25693,38.77389],[-87.25696,38.77662],[-87.25555,38.7787],[-87.25319,38.7796],[-87.24666,38.77984],[-87.24425,38.77907],[-87.24286,38.77917],[-87.24046,38.78117],[-87.23978,38.78632],[-87.24022,38.78961],[-87.24171,38.79514],[-87.24273,38.79789],[-87.24092,38.80057],[-87.24089,38.80154],[-87.24229,38.80361],[-87.24591,38.80637],[-87.2466,38.8077],[-87.24441,38.80926],[-87.24335,38.8112],[-87.2423,38.81611],[-87.23991,38.81926],[-87.23894,38.81964],[-87.23583,38.81833],[-87.23389,38.81662],[-87.23397,38.81574],[-87.23788,38.81475],[-87.23873,38.81387],[-87.23882,38.81206],[-87.23717,38.8109],[-87.23494,38.81106],[-87.23203,38.81339],[-87.22829,38.81346],[-87.22674,38.81233],[-87.22639,38.81129],[-87.22799,38.80802],[-87.22872,38.80641],[-87.22854,38.80492],[-87.22592,38.80423],[-87.22446,38.80516],[-87.2229,38.80893],[-87.22194,38.81046],[-87.21987,38.81173],[-87.21768,38.81206],[-87.21593,38.81163],[-87.21528,38.81263],[-87.21527,38.81486],[-87.21862,38.81905],[-87.21873,38.82209],[-87.21605,38.82364],[-87.21422,38.82354],[-87.21244,38.82275],[-87.21099,38.8209],[-87.21115,38.81684],[-87.21171,38.81519],[-87.21327,38.80798],[-87.21265,38.8075],[-87.21048,38.80734],[-87.20816,38.81163],[-87.20448,38.81381],[-87.20308,38.81515],[-87.20305,38.81643],[-87.20534,38.8208],[-87.20521,38.82363],[-87.20367,38.8256],[-87.20185,38.826],[-87.19976,38.82554],[-87.19794,38.82432],[-87.19685,38.82151],[-87.19682,38.81904],[-87.19537,38.81539],[-87.19224,38.81469],[-87.19163,38.81542],[-87.19128,38.8184],[-87.18954,38.82017],[-87.19017,38.82376],[-87.19197,38.82478],[-87.19719,38.82656],[-87.19765,38.82827],[-87.19698,38.83017],[-87.19538,38.83132],[-87.19357,38.83157],[-87.19155,38.83089],[-87.19028,38.82751],[-87.18897,38.82556],[-87.18748,38.82552],[-87.18633,38.82671],[-87.18589,38.82978],[-87.18676,38.83172],[-87.18685,38.8338],[-87.18603,38.83458],[-87.18215,38.83418],[-87.17939,38.83224],[-87.17792,38.83022],[-87.17593,38.82937],[-87.17336,38.8294],[-87.17151,38.83109],[-87.17207,38.83316],[-87.17423,38.83491],[-87.17465,38.83601],[-87.17334,38.83688],[-87.17296,38.83898],[-87.17527,38.8416],[-87.17769,38.84247],[-87.18244,38.84232],[-87.1851,38.84343],[-87.18598,38.84456],[-87.18527,38.84663],[-87.18363,38.84744],[-87.17995,38.84536],[-87.17476,38.84479],[-87.17247,38.84541],[-87.17038,38.84694],[-87.16832,38.84669],[-87.16638,38.84535],[-87.16426,38.84454],[-87.16159,38.84501],[-87.15482,38.84319],[-87.15393,38.84258],[-87.15225,38.83999],[-87.14932,38.83838],[-87.14745,38.83857],[-87.14473,38.83954],[-87.1438,38.84142],[-87.14057,38.84351],[-87.14064,38.84578],[-87.14229,38.84709],[-87.14186,38.84796],[-87.13955,38.84954],[-87.13952,38.85024],[-87.14258,38.85226],[-87.14321,38.85495],[-87.14095,38.85809],[-87.14101,38.86028],[-87.14226,38.86196],[-87.14605,38.86359],[-87.14755,38.86584],[-87.1466,38.86729],[-87.14371,38.86736],[-87.14128,38.86467],[-87.13644,38.86241],[-87.13228,38.85933],[-87.12977,38.85838],[-87.12773,38.85869],[-87.12641,38.86008],[-87.12744,38.86275],[-87.13152,38.86276],[-87.13306,38.86383],[-87.13357,38.86533],[-87.133,38.86733],[-87.13351,38.86861],[-87.13584,38.87196],[-87.13435,38.87449],[-87.13272,38.87523],[-87.13056,38.87505],[-87.12772,38.87059],[-87.126,38.86962],[-87.12411,38.86944],[-87.12227,38.86997],[-87.1207,38.87163],[-87.11996,38.87328],[-87.1201,38.87477],[-87.12357,38.87772],[-87.12446,38.88086],[-87.12566,38.88335],[-87.12937,38.8838],[-87.13058,38.88614],[-87.12938,38.8891],[-87.1272,38.8907],[-87.1244,38.89102],[-87.12267,38.89032],[-87.12094,38.88838],[-87.11763,38.88682],[-87.11386,38.88766],[-87.11344,38.88826],[-87.11397,38.89063],[-87.11637,38.89211],[-87.11914,38.89238],[-87.12171,38.89388],[-87.12299,38.89572],[-87.12247,38.89768],[-87.12083,38.8989],[-87.11711,38.89898],[-87.11545,38.89783],[-87.11431,38.89508],[-87.11272,38.89398],[-87.11023,38.89394],[-87.1076,38.89553],[-87.10757,38.89726],[-87.10646,38.89957],[-87.10373,38.90113],[-87.10172,38.90083],[-87.09839,38.89715],[-87.09488,38.89677],[-87.09165,38.89754],[-87.09069,38.90029],[-87.09137,38.90159],[-87.09447,38.90326],[-87.09707,38.90333],[-87.09877,38.90397],[-87.01736,38.90259],[-86.99688,38.90275],[-86.99513,38.90273],[-86.95961,38.90322],[-86.91486,38.90403],[-86.90425,38.9042],[-86.9042,38.89686],[-86.9042,38.89113],[-86.90419,38.84963],[-86.90425,38.8301],[-86.90423,38.81751],[-86.92294,38.81724],[-86.923,38.77496],[-86.92334,38.73077],[-86.92349,38.71059],[-86.92363,38.69399],[-86.9237,38.68533],[-86.92385,38.66537],[-86.92386,38.66465],[-86.92398,38.62763],[-86.92385,38.61286],[-86.92384,38.59827],[-86.92406,38.53386],[-86.92421,38.5306],[-86.92436,38.52652],[-86.92419,38.50536],[-86.93305,38.50537],[-86.93659,38.50426],[-86.93908,38.50187],[-86.94029,38.4992],[-86.93958,38.49671],[-86.93977,38.49502],[-86.94251,38.49259],[-86.94522,38.49119],[-86.94766,38.49045],[-86.95261,38.49066],[-86.9554,38.49171],[-86.95635,38.49324],[-86.95645,38.49919],[-86.95553,38.50216],[-86.95622,38.50344],[-86.96239,38.50451],[-86.96866,38.50423],[-86.97476,38.50195],[-86.97799,38.50239],[-86.98367,38.50499],[-86.99395,38.51304],[-86.99555,38.51357],[-86.9966,38.51307],[-86.99802,38.51108],[-87.0,38.50922],[-87.00479,38.50829],[-87.0076,38.50903],[-87.0111,38.51203],[-87.01297,38.51196],[-87.01594,38.50967],[-87.01988,38.50785],[-87.02343,38.50722],[-87.02538,38.50739],[-87.02884,38.50872],[-87.03315,38.51218],[-87.03548,38.51235],[-87.04027,38.5114],[-87.04507,38.51087],[-87.04984,38.50845],[-87.0532,38.50398],[-87.05502,38.5023],[-87.05869,38.50083],[-87.06121,38.5007],[-87.06382,38.50166],[-87.06478,38.50254],[-87.067,38.50684],[-87.06836,38.51116],[-87.0695,38.51313],[-87.07237,38.5147],[-87.07312,38.51494],[-87.07586,38.51483],[-87.07837,38.51404],[-87.08315,38.51191],[-87.08544,38.51224],[-87.08734,38.51404],[-87.08611,38.51646],[-87.08238,38.51908],[-87.08183,38.52067],[-87.08294,38.52114],[-87.08515,38.52096],[-87.09139,38.52217],[-87.09338,38.5234],[-87.09386,38.52434],[-87.09442,38.5282],[-87.09699,38.53103],[-87.10051,38.53441],[-87.10215,38.53538],[-87.10765,38.53771],[-87.11045,38.53761],[-87.11509,38.5369],[-87.11828,38.53522],[-87.11962,38.53307],[-87.11964,38.53137],[-87.11887,38.52833],[-87.11917,38.52705],[-87.12197,38.52542],[-87.12466,38.52495],[-87.12773,38.52621],[-87.12881,38.52808],[-87.13126,38.53013],[-87.13432,38.53175],[-87.13549,38.53192],[-87.13821,38.52935],[-87.13911,38.52627],[-87.13573,38.52149],[-87.13537,38.51915],[-87.13896,38.51739],[-87.14605,38.51593],[-87.15124,38.51581],[-87.15304,38.51643],[-87.1556,38.51815],[-87.15647,38.5203],[-87.15563,38.52286],[-87.15419,38.52416],[-87.15395,38.52602],[-87.15471,38.52738],[-87.15758,38.52972],[-87.16078,38.53097],[-87.16234,38.53243],[-87.16441,38.53263],[-87.16637,38.53247],[-87.17028,38.53184],[-87.17151,38.53277],[-87.17246,38.53862],[-87.17369,38.54166],[-87.1755,38.54395],[-87.17763,38.5453],[-87.18259,38.54762],[-87.18542,38.54851],[-87.19397,38.5493],[-87.20022,38.55164],[-87.20371,38.55222],[-87.20712,38.55171],[-87.21018,38.54962],[-87.21328,38.54478],[-87.21617,38.54146],[-87.22095,38.53883],[-87.22308,38.53914],[-87.22764,38.5406],[-87.23547,38.54498],[-87.23763,38.54555],[-87.24083,38.54561],[-87.2421,38.54493],[-87.24126,38.54816],[-87.23844,38.54991],[-87.23744,38.55239],[-87.23827,38.55353],[-87.24185,38.55553],[-87.24667,38.557],[-87.24823,38.55812],[-87.24833,38.55954],[-87.24719,38.56065],[-87.24215,38.55992],[-87.23922,38.56012],[-87.23807,38.56065],[-87.23726,38.56312],[-87.23912,38.56556],[-87.24188,38.56717],[-87.24759,38.56947],[-87.24777,38.57094],[-87.24604,38.5717],[-87.24338,38.57155],[-87.24178,38.57198],[-87.23967,38.57347],[-87.23783,38.57572],[-87.23751,38.57707],[-87.23757,38.58104],[-87.23846,38.58227],[-87.24263,38.58195],[-87.24614,38.58234],[-87.24729,38.58313],[-87.24906,38.58567],[-87.24938,38.58689],[-87.24907,38.59024],[-87.24528,38.59481],[-87.2451,38.59558],[-87.24868,38.59836],[-87.24859,38.59955],[-87.24711,38.60052],[-87.24414,38.60031],[-87.24104,38.60099],[-87.2394,38.60239],[-87.23932,38.60455],[-87.24044,38.60519],[-87.24538,38.60368],[-87.24693,38.60773],[-87.25208,38.60956],[-87.25527,38.61236],[-87.25481,38.61363],[-87.2535,38.61435],[-87.2505,38.61507],[-87.24783,38.61394],[-87.24666,38.61231],[-87.24436,38.61033],[-87.24069,38.60963],[-87.23882,38.61055],[-87.23858,38.6145],[-87.24175,38.61979],[-87.24571,38.62335],[-87.24896,38.6256],[-87.25043,38.6288],[-87.25204,38.6298],[-87.25296,38.63145],[-87.25238,38.63331],[-87.25001,38.63546],[-87.24816,38.63554],[-87.24314,38.63271],[-87.24063,38.63213],[-87.23896,38.63267],[-87.23652,38.63444],[-87.23588,38.63568],[-87.2365,38.63628],[-87.23928,38.63621],[-87.24207,38.63741],[-87.24243,38.64138],[-87.24351,38.64418],[-87.24602,38.64522],[-87.25001,38.64517],[-87.25176,38.64659],[-87.25223,38.64768],[-87.25193,38.65162],[-87.24972,38.653],[-87.24849,38.65289],[-87.24638,38.6515],[-87.24424,38.64934],[-87.2412,38.64756],[-87.23992,38.64735],[-87.23865,38.64838],[-87.23905,38.65017],[-87.24049,38.65181],[-87.24046,38.65435],[-87.23942,38.65565],[-87.23865,38.65784],[-87.23889,38.65964],[-87.23987,38.66066],[-87.24156,38.6606],[-87.24349,38.65911],[-87.24898,38.65653],[-87.25074,38.65436],[-87.25449,38.65428],[-87.2557,38.65522],[-87.25661,38.6571],[-87.25862,38.65974],[-87.25876,38.66144],[-87.25772,38.66351],[-87.25665,38.66365],[-87.25509,38.66601],[-87.25356,38.66704],[-87.24691,38.67327],[-87.246,38.67462],[-87.24585,38.67759],[-87.24677,38.67876],[-87.25003,38.67891],[-87.25233,38.67693],[-87.25414,38.67372],[-87.25497,38.67024],[-87.25714,38.66782],[-87.25698,38.66595],[-87.26059,38.66696],[-87.26156,38.66825],[-87.26114,38.6709],[-87.26236,38.67334],[-87.26386,38.67491],[-87.26822,38.67701],[-87.2726,38.67982],[-87.27342,38.68115],[-87.27246,38.68326],[-87.2683,38.68461],[-87.26401,38.6844],[-87.26145,38.68586],[-87.26109,38.68669],[-87.26289,38.68806],[-87.26744,38.68895],[-87.27158,38.68891],[-87.2751,38.68989],[-87.27911,38.69182],[-87.27917,38.69394]]]}},{"type":"Feature","properties":{"GEOID":"18033","NAME":"DeKalb"},"geometry":{"type":"Polygon","coordinates":[[[-85.19408,41.52644],[-85.13869,41.52673],[-85.12451,41.52681],[-85.09531,41.52693],[-85.08081,41.52701],[-85.07476,41.52704],[-85.07264,41.52705],[-85.05668,41.52716],[-85.05577,41.52716],[-85.05545,41.52716],[-85.04935,41.5272],[-85.04602,41.52722],[-85.04483,41.52723],[-85.00688,41.52748],[-84.9685,41.52806],[-84.93134,41.52838],[-84.9217,41.52846],[-84.91748,41.52855],[-84.91602,41.52851],[-84.91462,41.52857],[-84.91207,41.52853],[-84.90508,41.52839],[-84.90151,41.52836],[-84.89709,41.52869],[-84.87493,41.52903],[-84.85442,41.52943],[-84.81176,41.53025],[-84.80469,41.53013],[-84.80457,41.51825],[-84.80455,41.51291],[-84.80448,41.50035],[-84.80434,41.48815],[-84.8042,41.46507],[-84.80407,41.44479],[-84.80402,41.43685],[-84.80406,41.42605],[-84.80392,41.41153],[-84.80394,41.40836],[-84.80398,41.40461],[-84.80392,41.37531],[-84.804,41.36574],[-84.80397,41.35776],[-84.80389,41.33988],[-84.80383,41.32494],[-84.80359,41.27179],[-84.80359,41.27102],[-84.80359,41.27093],[-84.84742,41.27002],[-84.90043,41.26898],[-84.94117,41.26814],[-84.96262,41.26768],[-85.02015,41.26653],[-85.05859,41.2659],[-85.0778,41.2656],[-85.13508,41.26514],[-85.19209,41.26421],[-85.1927,41.28595],[-85.19299,41.29672],[-85.19356,41.32195],[-85.19345,41.34339],[-85.19304,41.35113],[-85.19295,41.38001],[-85.19304,41.39461],[-85.19327,41.43738],[-85.19326,41.43765],[-85.19341,41.43809],[-85.19351,41.44406],[-85.19384,41.48134],[-85.19405,41.52634],[-85.19408,41.52644]]]}},{"type":"Feature","properties":{"GEOID":"18029","NAME":"Dearborn"},"geometry":{"type":"Polygon","coordinates":[[[-85.13251,38.94805],[-85.12845,38.96924],[-85.12612,38.9814],[-85.12626,38.98244],[-85.12529,38.98626],[-85.12198,39.00227],[-85.11956,39.01716],[-85.11822,39.02443],[-85.11711,39.02929],[-85.11311,39.05059],[-85.10588,39.09016],[-85.10597,39.09022],[-85.1007,39.11953],[-85.09982,39.12405],[-85.09587,39.14626],[-85.091,39.17276],[-85.088,39.18896],[-85.08486,39.20626],[-85.08187,39.22227],[-85.07908,39.23696],[-85.0776,39.24467],[-85.07452,39.26062],[-85.07,39.28471],[-85.06991,39.28489],[-85.06557,39.30723],[-85.06538,39.3072],[-85.00398,39.3068],[-85.0026,39.30679],[-84.95673,39.30631],[-84.92891,39.30594],[-84.91049,39.30587],[-84.90595,39.30608],[-84.89659,39.3058],[-84.88637,39.30583],[-84.84431,39.30555],[-84.84315,39.30545],[-84.82151,39.30524],[-84.81945,39.30515],[-84.81935,39.29282],[-84.81955,39.27651],[-84.81962,39.27013],[-84.81962,39.27009],[-84.8197,39.26738],[-84.81979,39.26451],[-84.81982,39.26313],[-84.81999,39.25518],[-84.82,39.25464],[-84.81995,39.25142],[-84.81995,39.25114],[-84.81991,39.2487],[-84.81991,39.24854],[-84.81983,39.24373],[-84.82014,39.23078],[-84.82015,39.23049],[-84.82009,39.21871],[-84.82009,39.2184],[-84.82008,39.21603],[-84.81983,39.16147],[-84.81982,39.15851],[-84.81983,39.15795],[-84.8201,39.14798],[-84.82011,39.14584],[-84.82012,39.13267],[-84.82014,39.11998],[-84.82014,39.1185],[-84.82015,39.11201],[-84.82016,39.10548],[-84.82526,39.10341],[-84.83244,39.10049],[-84.83726,39.0971],[-84.84458,39.09196],[-84.84576,39.09073],[-84.84982,39.08649],[-84.85164,39.08509],[-84.86069,39.07814],[-84.86803,39.07452],[-84.87298,39.07207],[-84.88066,39.06997],[-84.88887,39.06638],[-84.8932,39.06248],[-84.89493,39.06015],[-84.89691,39.05747],[-84.89688,39.05681],[-84.89687,39.05653],[-84.89678,39.05446],[-84.89675,39.05395],[-84.89673,39.0533],[-84.89316,39.04904],[-84.88919,39.04292],[-84.8891,39.04279],[-84.88566,39.03749],[-84.87911,39.0337],[-84.87791,39.03198],[-84.87736,39.0316],[-84.88071,39.0283],[-84.88382,39.02592],[-84.8858,39.02511],[-84.88826,39.02327],[-84.89248,39.01893],[-84.89434,39.0166],[-84.89769,39.01337],[-84.89876,39.01324],[-84.90241,39.01495],[-84.90559,39.0168],[-84.9086,39.01757],[-84.91211,39.01893],[-84.91354,39.01864],[-84.91526,39.01682],[-84.91874,39.01445],[-84.92231,39.01358],[-84.92452,39.01496],[-84.92578,39.01434],[-84.9277,39.01082],[-84.93027,39.00853],[-84.93346,39.00623],[-84.93601,39.00519],[-84.93788,39.0055],[-84.93832,39.00708],[-84.94304,39.00804],[-84.94606,39.00627],[-84.94635,39.00491],[-84.94402,39.00051],[-84.94471,39.00005],[-84.94616,39.00127],[-84.94731,39.00003],[-84.94628,38.99876],[-84.94769,38.99818],[-84.94907,38.99925],[-84.95329,38.9992],[-84.95178,38.99833],[-84.9523,38.99628],[-84.95387,38.99489],[-84.95774,38.99495],[-84.96063,38.99457],[-84.96332,38.99589],[-84.96425,38.99777],[-84.96766,38.99403],[-84.96971,38.99241],[-84.97289,38.994],[-84.97797,38.99482],[-84.98091,38.9966],[-84.98289,38.99662],[-84.98439,38.99765],[-84.98493,38.99497],[-84.98776,38.99529],[-84.99216,38.99488],[-84.99415,38.99751],[-84.9964,38.99698],[-84.99747,38.99682],[-84.99871,38.99576],[-84.99897,38.99432],[-85.00194,38.98744],[-85.00089,38.98391],[-85.00165,38.97886],[-85.00356,38.97522],[-85.0055,38.97518],[-85.00664,38.97792],[-85.0086,38.97918],[-85.01276,38.98037],[-85.01608,38.98216],[-85.02012,38.98241],[-85.02126,38.98164],[-85.0237,38.9756],[-85.02467,38.9745],[-85.03062,38.97505],[-85.03663,38.97633],[-85.04176,38.97439],[-85.04363,38.97313],[-85.0446,38.97153],[-85.04695,38.96897],[-85.05055,38.96778],[-85.0512,38.96691],[-85.05085,38.96352],[-85.04824,38.96229],[-85.04639,38.96004],[-85.04572,38.95716],[-85.0478,38.95622],[-85.04956,38.95734],[-85.05513,38.95959],[-85.0582,38.9581],[-85.05864,38.95716],[-85.05776,38.95419],[-85.05856,38.95236],[-85.05803,38.95158],[-85.05856,38.94897],[-85.05941,38.9481],[-85.06149,38.94833],[-85.06661,38.95002],[-85.0672,38.95192],[-85.06489,38.95368],[-85.06456,38.95494],[-85.06612,38.95659],[-85.06808,38.95714],[-85.06972,38.95684],[-85.07042,38.95574],[-85.07089,38.95313],[-85.07107,38.9495],[-85.07245,38.94801],[-85.07684,38.94837],[-85.0788,38.9497],[-85.0798,38.95153],[-85.08264,38.95224],[-85.08432,38.95114],[-85.08549,38.94803],[-85.0881,38.94496],[-85.08938,38.94272],[-85.09149,38.94222],[-85.09399,38.94013],[-85.0949,38.93639],[-85.0959,38.93561],[-85.09746,38.93551],[-85.10256,38.94018],[-85.10447,38.94043],[-85.10825,38.93937],[-85.11226,38.93674],[-85.11372,38.93615],[-85.11633,38.93624],[-85.11876,38.9372],[-85.12046,38.94056],[-85.12088,38.94443],[-85.11886,38.94829],[-85.11411,38.95191],[-85.11335,38.9528],[-85.11318,38.95502],[-85.11409,38.95614],[-85.11547,38.95656],[-85.12013,38.95607],[-85.12326,38.95431],[-85.12381,38.9522],[-85.12495,38.95094],[-85.12964,38.94818],[-85.13251,38.94805]]]}},{"type":"Feature","properties":{"GEOID":"18031","NAME":"Decatur"},"geometry":{"type":"Polygon","coordinates":[[[-85.68716,39.18903],[-85.68728,39.18968],[-85.68699,39.23304],[-85.68699,39.23371],[-85.68682,39.24833],[-85.68665,39.26135],[-85.68666,39.26142],[-85.68601,39.2986],[-85.6862,39.30123],[-85.68585,39.3056],[-85.68568,39.31294],[-85.68452,39.35005],[-85.63063,39.35021],[-85.63028,39.3794],[-85.63011,39.41635],[-85.63026,39.42369],[-85.63028,39.42615],[-85.63004,39.42722],[-85.62999,39.43278],[-85.62999,39.43299],[-85.62998,39.43342],[-85.62978,39.43858],[-85.62925,39.43879],[-85.62933,39.45275],[-85.61106,39.45334],[-85.57281,39.45321],[-85.57275,39.45234],[-85.55442,39.45249],[-85.53458,39.45264],[-85.52943,39.4525],[-85.51655,39.45265],[-85.51181,39.4527],[-85.50712,39.45276],[-85.46004,39.45273],[-85.45957,39.4532],[-85.44166,39.45325],[-85.41369,39.45312],[-85.40459,39.45313],[-85.39459,39.45287],[-85.37617,39.4531],[-85.29757,39.45327],[-85.29738,39.43857],[-85.29737,39.43843],[-85.29716,39.42023],[-85.29687,39.41056],[-85.2968,39.40827],[-85.29648,39.39257],[-85.29639,39.38146],[-85.29654,39.37009],[-85.2961,39.36532],[-85.29613,39.35184],[-85.29691,39.35184],[-85.29683,39.32006],[-85.29643,39.31691],[-85.29654,39.26829],[-85.30286,39.26469],[-85.30542,39.26372],[-85.31516,39.25865],[-85.32474,39.25368],[-85.33417,39.24902],[-85.37496,39.22817],[-85.41362,39.20914],[-85.41542,39.20791],[-85.42773,39.20157],[-85.43496,39.19858],[-85.43791,39.19713],[-85.43825,39.19644],[-85.44005,39.19562],[-85.46067,39.18532],[-85.49833,39.16696],[-85.49996,39.16591],[-85.51782,39.15704],[-85.55588,39.13787],[-85.56632,39.13276],[-85.56905,39.13251],[-85.57399,39.13234],[-85.60259,39.13197],[-85.62497,39.13142],[-85.6293,39.13173],[-85.64977,39.13147],[-85.65109,39.13148],[-85.66406,39.13111],[-85.68678,39.13086],[-85.6871,39.16012],[-85.68729,39.18561],[-85.68716,39.18903]]]}},{"type":"Feature","properties":{"GEOID":"18035","NAME":"Delaware"},"geometry":{"type":"Polygon","coordinates":[[[-85.57862,40.37931],[-85.57859,40.37952],[-85.55942,40.37902],[-85.55348,40.37877],[-85.5523,40.37867],[-85.55113,40.37876],[-85.48287,40.37885],[-85.4779,40.37901],[-85.46305,40.37942],[-85.44433,40.37914],[-85.44432,40.37875],[-85.35091,40.37842],[-85.33173,40.37881],[-85.33174,40.37822],[-85.22073,40.37922],[-85.2199,40.37903],[-85.21983,40.3667],[-85.21973,40.36039],[-85.21969,40.35006],[-85.21901,40.32104],[-85.21892,40.31559],[-85.21876,40.30671],[-85.21872,40.30441],[-85.21864,40.30021],[-85.21862,40.29885],[-85.21852,40.2878],[-85.21814,40.2639],[-85.21774,40.24225],[-85.21743,40.23493],[-85.21694,40.20775],[-85.21647,40.1896],[-85.21639,40.17855],[-85.21591,40.16326],[-85.21601,40.15767],[-85.21591,40.15408],[-85.21587,40.15198],[-85.21587,40.15167],[-85.21585,40.1495],[-85.2156,40.13492],[-85.2149,40.10607],[-85.21439,40.07689],[-85.3029,40.07672],[-85.30882,40.07668],[-85.32538,40.07649],[-85.3281,40.07655],[-85.38481,40.07641],[-85.39445,40.07646],[-85.40372,40.07648],[-85.44255,40.07669],[-85.48028,40.07689],[-85.53757,40.07702],[-85.5762,40.07714],[-85.57614,40.09203],[-85.57609,40.10667],[-85.57605,40.11041],[-85.57605,40.11193],[-85.57601,40.11503],[-85.57601,40.11528],[-85.57598,40.11949],[-85.57598,40.11968],[-85.57588,40.13489],[-85.5759,40.14224],[-85.57598,40.1496],[-85.57573,40.1717],[-85.57568,40.17904],[-85.57562,40.21892],[-85.57587,40.24818],[-85.57639,40.25582],[-85.57651,40.27724],[-85.5767,40.29174],[-85.57702,40.30638],[-85.57758,40.3283],[-85.57891,40.37255],[-85.57862,40.37931]]]}},{"type":"Feature","properties":{"GEOID":"18037","NAME":"Dubois"},"geometry":{"type":"Polygon","coordinates":[[[-87.07312,38.43705],[-87.07305,38.45755],[-87.07297,38.46602],[-87.07262,38.46655],[-87.07244,38.4804],[-87.0726,38.48285],[-87.07227,38.50005],[-87.07245,38.50572],[-87.07228,38.50853],[-87.07237,38.5147],[-87.0695,38.51313],[-87.06836,38.51116],[-87.067,38.50684],[-87.06478,38.50254],[-87.06382,38.50166],[-87.06121,38.5007],[-87.05869,38.50083],[-87.05502,38.5023],[-87.0532,38.50398],[-87.04984,38.50845],[-87.04507,38.51087],[-87.04027,38.5114],[-87.03548,38.51235],[-87.03315,38.51218],[-87.02884,38.50872],[-87.02538,38.50739],[-87.02343,38.50722],[-87.01988,38.50785],[-87.01594,38.50967],[-87.01297,38.51196],[-87.0111,38.51203],[-87.0076,38.50903],[-87.00479,38.50829],[-87.0,38.50922],[-86.99802,38.51108],[-86.9966,38.51307],[-86.99555,38.51357],[-86.99395,38.51304],[-86.98367,38.50499],[-86.97799,38.50239],[-86.97476,38.50195],[-86.96866,38.50423],[-86.96239,38.50451],[-86.95622,38.50344],[-86.95553,38.50216],[-86.95645,38.49919],[-86.95635,38.49324],[-86.9554,38.49171],[-86.95261,38.49066],[-86.94766,38.49045],[-86.94522,38.49119],[-86.94251,38.49259],[-86.93977,38.49502],[-86.93958,38.49671],[-86.94029,38.4992],[-86.93908,38.50187],[-86.93659,38.50426],[-86.93305,38.50537],[-86.92419,38.50536],[-86.92212,38.49992],[-86.92002,38.498],[-86.91816,38.49699],[-86.91399,38.496],[-86.91291,38.49596],[-86.90856,38.49938],[-86.90629,38.50046],[-86.90055,38.50129],[-86.89787,38.50038],[-86.89286,38.49629],[-86.88863,38.49498],[-86.88005,38.4948],[-86.8789,38.49492],[-86.87704,38.49685],[-86.87631,38.5013],[-86.8742,38.50367],[-86.86943,38.50653],[-86.86268,38.50824],[-86.85912,38.50841],[-86.8557,38.50911],[-86.85339,38.51017],[-86.84418,38.51517],[-86.8406,38.51884],[-86.83734,38.52154],[-86.83606,38.5232],[-86.83746,38.52647],[-86.83137,38.52636],[-86.82527,38.52624],[-86.81913,38.5264],[-86.79499,38.526],[-86.79315,38.526],[-86.68236,38.52638],[-86.68221,38.49711],[-86.68189,38.44969],[-86.68179,38.43926],[-86.68142,38.39477],[-86.68122,38.37453],[-86.68091,38.35096],[-86.68057,38.32511],[-86.68053,38.32215],[-86.68034,38.30306],[-86.68013,38.30148],[-86.67951,38.26309],[-86.6793,38.25006],[-86.67899,38.24806],[-86.71051,38.24809],[-86.76061,38.24855],[-86.76408,38.24847],[-86.77166,38.24871],[-86.77528,38.2488],[-86.79215,38.2491],[-86.7915,38.20513],[-86.86598,38.20496],[-86.88868,38.20445],[-86.90422,38.2041],[-86.92368,38.20303],[-86.93812,38.20311],[-86.9422,38.20292],[-86.94252,38.20293],[-86.99836,38.20338],[-87.01749,38.20358],[-87.07314,38.20382],[-87.07307,38.2326],[-87.07313,38.24955],[-87.07298,38.25064],[-87.07314,38.26896],[-87.07311,38.26957],[-87.07314,38.27757],[-87.07264,38.29086],[-87.07248,38.30389],[-87.0726,38.33469],[-87.0725,38.35317],[-87.07272,38.36417],[-87.07312,38.39325],[-87.07297,38.39517],[-87.07324,38.42235],[-87.07312,38.43705]]]}},{"type":"Feature","properties":{"GEOID":"18039","NAME":"Elkhart"},"geometry":{"type":"Polygon","coordinates":[[[-86.06257,41.76053],[-86.04113,41.76051],[-86.04108,41.76051],[-86.04103,41.76051],[-86.00455,41.7601],[-85.99575,41.76],[-85.99138,41.75995],[-85.9913,41.75995],[-85.97498,41.75985],[-85.9749,41.75985],[-85.97484,41.75985],[-85.94232,41.75969],[-85.92613,41.75961],[-85.89744,41.75946],[-85.88882,41.75942],[-85.88877,41.75942],[-85.87801,41.75936],[-85.875,41.75934],[-85.87204,41.75937],[-85.84791,41.75927],[-85.81908,41.75916],[-85.79136,41.75905],[-85.79133,41.75905],[-85.79093,41.75905],[-85.77504,41.75915],[-85.77403,41.75914],[-85.75047,41.75909],[-85.74999,41.75909],[-85.73792,41.75909],[-85.72815,41.75909],[-85.72453,41.75908],[-85.71855,41.75909],[-85.68257,41.7591],[-85.67724,41.7591],[-85.66264,41.7591],[-85.65975,41.7591],[-85.65877,41.70401],[-85.65861,41.6969],[-85.65795,41.67646],[-85.65804,41.67568],[-85.65758,41.65395],[-85.65672,41.61054],[-85.65591,41.58152],[-85.6553,41.55246],[-85.65475,41.52335],[-85.65391,41.48785],[-85.65356,41.4807],[-85.65351,41.43686],[-85.70167,41.43656],[-85.74417,41.43609],[-85.76013,41.43586],[-85.76044,41.43583],[-85.76313,41.43574],[-85.76871,41.43574],[-85.78853,41.43544],[-85.8427,41.43502],[-85.84593,41.43516],[-85.85163,41.43494],[-85.85593,41.43518],[-85.88582,41.43564],[-85.89855,41.43574],[-85.90562,41.43557],[-85.93443,41.43568],[-85.96305,41.43553],[-85.9724,41.43549],[-85.97274,41.43549],[-85.98209,41.4354],[-85.99166,41.43541],[-86.00143,41.43542],[-86.01103,41.43551],[-86.03029,41.43563],[-86.05923,41.43581],[-86.05924,41.44275],[-86.05905,41.44523],[-86.05945,41.47915],[-86.05944,41.52146],[-86.05962,41.52885],[-86.05979,41.53591],[-86.06003,41.55035],[-86.06052,41.58653],[-86.06065,41.6084],[-86.06052,41.60896],[-86.06108,41.65068],[-86.06082,41.65156],[-86.06092,41.65392],[-86.06109,41.65937],[-86.06113,41.66267],[-86.06109,41.66413],[-86.0611,41.66658],[-86.06133,41.6786],[-86.06135,41.68012],[-86.06136,41.6805],[-86.06148,41.68663],[-86.06157,41.69216],[-86.06173,41.69542],[-86.06188,41.69588],[-86.062,41.70993],[-86.06216,41.72444],[-86.06223,41.73135],[-86.06234,41.74258],[-86.06247,41.75347],[-86.06257,41.76053]]]}},{"type":"Feature","properties":{"GEOID":"18041","NAME":"Fayette"},"geometry":{"type":"Polygon","coordinates":[[[-85.30158,39.78758],[-85.22112,39.78845],[-85.20234,39.78859],[-85.18347,39.7884],[-85.18433,39.75925],[-85.1842,39.75876],[-85.1851,39.74462],[-85.18509,39.71552],[-85.13469,39.715],[-85.12842,39.71493],[-85.1282,39.71493],[-85.12496,39.71489],[-85.12072,39.71503],[-85.07488,39.71483],[-85.07188,39.71494],[-85.05329,39.71482],[-85.03458,39.71476],[-85.03496,39.65707],[-85.03508,39.63512],[-85.03593,39.61347],[-85.03599,39.58385],[-85.03602,39.57663],[-85.0361,39.56916],[-85.03632,39.54052],[-85.03609,39.52621],[-85.08421,39.52649],[-85.12503,39.52686],[-85.12848,39.52665],[-85.12963,39.52665],[-85.16864,39.5263],[-85.17644,39.52628],[-85.24177,39.5257],[-85.27135,39.52553],[-85.29811,39.52548],[-85.29927,39.59869],[-85.2994,39.60322],[-85.29963,39.61238],[-85.29982,39.61268],[-85.3001,39.62234],[-85.3001,39.62285],[-85.30016,39.62731],[-85.30018,39.62972],[-85.30019,39.63018],[-85.30066,39.66373],[-85.30121,39.69996],[-85.30092,39.70075],[-85.30105,39.71519],[-85.30158,39.78758]]]}},{"type":"Feature","properties":{"GEOID":"18043","NAME":"Floyd"},"geometry":{"type":"Polygon","coordinates":[[[-86.0331,38.3852],[-86.03277,38.4179],[-86.02859,38.41808],[-86.01445,38.41868],[-86.01414,38.41908],[-85.99462,38.41835],[-85.99463,38.41087],[-85.97612,38.41083],[-85.96689,38.41088],[-85.96672,38.40366],[-85.94931,38.40358],[-85.9204,38.40392],[-85.89433,38.40403],[-85.89306,38.40401],[-85.88328,38.40416],[-85.82934,38.40425],[-85.828,38.40427],[-85.80773,38.40431],[-85.80822,38.40071],[-85.80336,38.39564],[-85.79331,38.38435],[-85.79023,38.38102],[-85.78789,38.37838],[-85.78713,38.37758],[-85.78478,38.37493],[-85.78274,38.3728],[-85.78127,38.37359],[-85.77961,38.37166],[-85.77862,38.37056],[-85.77654,38.36812],[-85.77472,38.3661],[-85.77159,38.36257],[-85.76107,38.3504],[-85.76402,38.34855],[-85.76882,38.34575],[-85.77258,38.3436],[-85.77391,38.34284],[-85.77732,38.3431],[-85.78148,38.34187],[-85.78215,38.33995],[-85.78296,38.33894],[-85.78496,38.33873],[-85.78683,38.33981],[-85.78989,38.33993],[-85.79026,38.33887],[-85.78949,38.33763],[-85.78375,38.33546],[-85.78284,38.33274],[-85.78329,38.33187],[-85.78768,38.33171],[-85.78962,38.33317],[-85.79344,38.33431],[-85.79485,38.33423],[-85.79531,38.33408],[-85.79715,38.33248],[-85.79409,38.32485],[-85.79108,38.32455],[-85.78495,38.32249],[-85.78336,38.3216],[-85.78359,38.32006],[-85.78844,38.31858],[-85.7916,38.31661],[-85.79328,38.31528],[-85.79348,38.31272],[-85.79116,38.31089],[-85.78787,38.30946],[-85.78761,38.30899],[-85.78793,38.30817],[-85.79059,38.30734],[-85.79324,38.30743],[-85.79518,38.30723],[-85.79596,38.30657],[-85.79568,38.3052],[-85.79212,38.30193],[-85.79149,38.30078],[-85.79145,38.30068],[-85.79142,38.30051],[-85.79106,38.29876],[-85.79092,38.29836],[-85.79081,38.29829],[-85.79079,38.2982],[-85.79026,38.29051],[-85.79108,38.28776],[-85.79323,38.28736],[-85.79727,38.2857],[-85.8024,38.28481],[-85.80241,38.28481],[-85.80381,38.28457],[-85.8174,38.28239],[-85.81781,38.28224],[-85.82371,38.28019],[-85.82453,38.2799],[-85.82922,38.27651],[-85.83212,38.27181],[-85.83403,38.26873],[-85.83617,38.26529],[-85.83663,38.26339],[-85.83763,38.25924],[-85.83763,38.259],[-85.83742,38.25091],[-85.8374,38.24999],[-85.83825,38.2448],[-85.83909,38.23973],[-85.8429,38.23347],[-85.84438,38.23105],[-85.84536,38.22994],[-85.85236,38.22194],[-85.8562,38.21952],[-85.86584,38.21344],[-85.87194,38.20959],[-85.88026,38.20337],[-85.89354,38.18901],[-85.89489,38.18707],[-85.89955,38.18037],[-85.9001,38.18547],[-85.93996,38.18614],[-85.95802,38.18594],[-85.95802,38.18662],[-85.95764,38.19934],[-85.9555,38.19951],[-85.95529,38.21336],[-85.9552,38.25774],[-85.97385,38.25813],[-85.9738,38.25863],[-85.97376,38.27277],[-85.99241,38.27279],[-85.99243,38.28706],[-85.99522,38.28704],[-85.9953,38.2927],[-85.9953,38.29844],[-85.99531,38.30077],[-85.99539,38.30185],[-85.99732,38.30177],[-86.01412,38.30181],[-86.01422,38.30181],[-86.01421,38.31394],[-86.01436,38.31642],[-86.01435,38.32642],[-86.01431,38.33064],[-86.03256,38.33082],[-86.03241,38.35282],[-86.03234,38.37429],[-86.03314,38.37427],[-86.0331,38.3852]]]}},{"type":"Feature","properties":{"GEOID":"18045","NAME":"Fountain"},"geometry":{"type":"Polygon","coordinates":[[[-87.44026,39.9603],[-87.4386,39.96287],[-87.43392,39.96632],[-87.43173,39.96869],[-87.43049,39.97104],[-87.42854,39.97659],[-87.42739,39.98194],[-87.42773,39.9867],[-87.43149,39.99036],[-87.43339,39.99419],[-87.43334,40.00107],[-87.43362,40.00203],[-87.43536,40.01784],[-87.4354,40.02351],[-87.43495,40.02644],[-87.43379,40.02905],[-87.43138,40.03293],[-87.42957,40.03489],[-87.42508,40.03823],[-87.42422,40.03987],[-87.42469,40.04112],[-87.42888,40.04331],[-87.43086,40.04505],[-87.43152,40.04663],[-87.4315,40.04775],[-87.42906,40.04994],[-87.42592,40.0513],[-87.42101,40.05392],[-87.41861,40.05615],[-87.41744,40.05868],[-87.41621,40.06538],[-87.41597,40.0725],[-87.41364,40.07935],[-87.41214,40.08651],[-87.41236,40.08858],[-87.41369,40.09251],[-87.41358,40.09658],[-87.41299,40.09936],[-87.41202,40.10106],[-87.40794,40.10648],[-87.4074,40.10871],[-87.40731,40.11326],[-87.40776,40.1186],[-87.40722,40.12208],[-87.40667,40.12751],[-87.40652,40.13115],[-87.40489,40.13556],[-87.40503,40.13876],[-87.40598,40.14068],[-87.40735,40.14217],[-87.40947,40.14331],[-87.41507,40.14517],[-87.41867,40.1473],[-87.42876,40.15065],[-87.43347,40.1535],[-87.43494,40.15494],[-87.4362,40.15734],[-87.4373,40.16281],[-87.43877,40.16446],[-87.43876,40.16569],[-87.43709,40.16971],[-87.43117,40.17488],[-87.428,40.17829],[-87.42587,40.18081],[-87.42274,40.18548],[-87.42167,40.18785],[-87.42159,40.18998],[-87.4199,40.19226],[-87.4153,40.19403],[-87.40926,40.19459],[-87.40388,40.19603],[-87.39795,40.19928],[-87.39695,40.20005],[-87.39299,40.20273],[-87.38679,40.20433],[-87.377,40.20633],[-87.36955,40.20748],[-87.3584,40.21053],[-87.35631,40.21184],[-87.35311,40.21592],[-87.35126,40.21653],[-87.34793,40.2168],[-87.34681,40.2179],[-87.34555,40.22071],[-87.34359,40.22238],[-87.33927,40.22317],[-87.33786,40.22387],[-87.33641,40.22502],[-87.33291,40.22873],[-87.33067,40.23329],[-87.32854,40.2354],[-87.32072,40.23896],[-87.3191,40.24047],[-87.31712,40.24378],[-87.31632,40.24668],[-87.31189,40.25004],[-87.30645,40.2529],[-87.30142,40.25484],[-87.29961,40.25497],[-87.29636,40.25555],[-87.29419,40.25797],[-87.28894,40.26534],[-87.28195,40.2776],[-87.28138,40.27839],[-87.27556,40.28372],[-87.2698,40.2864],[-87.26468,40.288],[-87.25858,40.29265],[-87.25504,40.29536],[-87.25488,40.29548],[-87.25401,40.29637],[-87.24929,40.29961],[-87.24859,40.3005],[-87.24816,40.30183],[-87.24785,40.30669],[-87.24651,40.30833],[-87.2449,40.30925],[-87.24202,40.3098],[-87.23745,40.31011],[-87.2341,40.31074],[-87.23143,40.31168],[-87.21763,40.31788],[-87.20956,40.32073],[-87.2063,40.32243],[-87.2006,40.32299],[-87.19691,40.32407],[-87.18761,40.3264],[-87.18246,40.32831],[-87.17856,40.33034],[-87.17586,40.33234],[-87.17441,40.33347],[-87.17332,40.33396],[-87.17102,40.33455],[-87.17013,40.33483],[-87.1679,40.33495],[-87.16675,40.33496],[-87.16459,40.33483],[-87.15851,40.33608],[-87.15415,40.33472],[-87.14984,40.33562],[-87.14345,40.33786],[-87.14067,40.33848],[-87.13622,40.33872],[-87.13152,40.34059],[-87.1258,40.345],[-87.12135,40.34696],[-87.11812,40.34806],[-87.10626,40.35486],[-87.10488,40.35628],[-87.10415,40.35862],[-87.10434,40.36004],[-87.10347,40.3614],[-87.09634,40.36667],[-87.09361,40.36627],[-87.09215,40.36661],[-87.0922,40.35342],[-87.09252,40.30156],[-87.09271,40.25839],[-87.09265,40.25004],[-87.09223,40.24944],[-87.09253,40.24368],[-87.09253,40.22931],[-87.09256,40.21481],[-87.09241,40.21429],[-87.09196,40.17125],[-87.0919,40.12755],[-87.09193,40.11008],[-87.09193,40.08722],[-87.09203,40.06826],[-87.09214,40.03902],[-87.09149,40.03901],[-87.09127,40.02936],[-87.09066,39.9819],[-87.09001,39.953],[-87.09101,39.95301],[-87.1259,39.95315],[-87.12605,39.95298],[-87.14834,39.95305],[-87.17872,39.9533],[-87.19012,39.95307],[-87.20413,39.95328],[-87.24219,39.95299],[-87.25663,39.95286],[-87.26141,39.95287],[-87.31342,39.95276],[-87.31852,39.95275],[-87.4153,39.95256],[-87.42022,39.95245],[-87.42208,39.9564],[-87.42381,39.9565],[-87.42888,39.9548],[-87.4314,39.95509],[-87.4348,39.95636],[-87.43939,39.95906],[-87.44026,39.9603]]]}},{"type":"Feature","properties":{"GEOID":"18047","NAME":"Franklin"},"geometry":{"type":"Polygon","coordinates":[[[-85.29811,39.52548],[-85.27135,39.52553],[-85.24177,39.5257],[-85.17644,39.52628],[-85.16864,39.5263],[-85.12963,39.52665],[-85.12848,39.52665],[-85.12503,39.52686],[-85.08421,39.52649],[-85.03609,39.52621],[-85.02248,39.52613],[-85.02282,39.52438],[-84.94701,39.52423],[-84.92904,39.52441],[-84.91033,39.52408],[-84.84878,39.5232],[-84.82336,39.52215],[-84.81537,39.52195],[-84.81554,39.51142],[-84.81555,39.50842],[-84.81573,39.47945],[-84.81574,39.47836],[-84.81576,39.47736],[-84.81674,39.43301],[-84.81765,39.39182],[-84.81857,39.34864],[-84.81924,39.31704],[-84.81945,39.30515],[-84.82151,39.30524],[-84.84315,39.30545],[-84.84431,39.30555],[-84.88637,39.30583],[-84.89659,39.3058],[-84.90595,39.30608],[-84.91049,39.30587],[-84.92891,39.30594],[-84.95673,39.30631],[-85.0026,39.30679],[-85.00398,39.3068],[-85.06538,39.3072],[-85.06557,39.30723],[-85.0651,39.31007],[-85.07629,39.30999],[-85.09669,39.31015],[-85.13271,39.31041],[-85.13692,39.3102],[-85.15172,39.30999],[-85.17053,39.30988],[-85.18046,39.30972],[-85.18986,39.3087],[-85.20359,39.30855],[-85.20823,39.30852],[-85.21629,39.30848],[-85.21788,39.30847],[-85.22665,39.30388],[-85.23872,39.29781],[-85.24291,39.29546],[-85.245,39.29454],[-85.27416,39.27961],[-85.27748,39.27772],[-85.29537,39.26894],[-85.29654,39.26829],[-85.29643,39.31691],[-85.29683,39.32006],[-85.29691,39.35184],[-85.29613,39.35184],[-85.2961,39.36532],[-85.29654,39.37009],[-85.29639,39.38146],[-85.29648,39.39257],[-85.2968,39.40827],[-85.29687,39.41056],[-85.29716,39.42023],[-85.29737,39.43843],[-85.29738,39.43857],[-85.29757,39.45327],[-85.29861,39.52547],[-85.29811,39.52548]]]}},{"type":"Feature","properties":{"GEOID":"18049","NAME":"Fulton"},"geometry":{"type":"Polygon","coordinates":[[[-86.46851,40.90989],[-86.46795,40.98967],[-86.46793,40.9968],[-86.4677,41.01884],[-86.46756,41.04062],[-86.46782,41.04127],[-86.46734,41.06608],[-86.46751,41.07292],[-86.46751,41.07639],[-86.46722,41.08423],[-86.46722,41.08429],[-86.46722,41.09513],[-86.46741,41.09805],[-86.46721,41.11326],[-86.46705,41.17144],[-86.41523,41.17171],[-86.41399,41.17172],[-86.35693,41.17199],[-86.3467,41.17204],[-86.32818,41.17215],[-86.25047,41.17236],[-86.24119,41.17236],[-86.23687,41.17185],[-86.22898,41.17177],[-86.22352,41.17186],[-86.21887,41.17235],[-86.18787,41.17229],[-86.15283,41.17228],[-86.12166,41.17248],[-86.11969,41.17228],[-86.11748,41.17254],[-86.07755,41.17287],[-86.07631,41.11403],[-86.07594,41.08488],[-86.05667,41.08526],[-86.01841,41.08612],[-86.01859,41.04998],[-86.01866,41.04188],[-86.01594,41.04201],[-86.01261,41.04221],[-86.0085,41.04215],[-86.00303,41.0425],[-85.99082,41.04211],[-85.98416,41.04217],[-85.94556,41.04288],[-85.9454,40.99926],[-85.94644,40.9992],[-86.05698,40.99761],[-86.05729,40.99761],[-86.0765,40.99728],[-86.0895,40.99685],[-86.09607,40.9969],[-86.13002,40.99608],[-86.14916,40.99608],[-86.16846,40.9961],[-86.16897,40.93856],[-86.16914,40.93133],[-86.16901,40.90984],[-86.24243,40.90906],[-86.26814,40.90924],[-86.27064,40.90943],[-86.27392,40.90935],[-86.29246,40.90944],[-86.2938,40.90933],[-86.31421,40.90937],[-86.31899,40.90939],[-86.33074,40.90942],[-86.3317,40.90969],[-86.35587,40.90945],[-86.46823,40.90988],[-86.46851,40.90989]]]}},{"type":"Feature","properties":{"GEOID":"18051","NAME":"Gibson"},"geometry":{"type":"Polygon","coordinates":[[[-87.98772,38.25691],[-87.98762,38.25738],[-87.98471,38.25795],[-87.98187,38.25644],[-87.97226,38.24704],[-87.96995,38.24335],[-87.97064,38.24065],[-87.96897,38.23739],[-87.96428,38.2363],[-87.96022,38.23712],[-87.95799,38.2401],[-87.95888,38.24667],[-87.95761,38.25005],[-87.95403,38.25303],[-87.94607,38.25532],[-87.94303,38.25779],[-87.94207,38.2603],[-87.94661,38.26275],[-87.95065,38.26682],[-87.9522,38.2731],[-87.9503,38.27679],[-87.94233,38.2794],[-87.93921,38.28292],[-87.93752,38.29205],[-87.93356,38.2959],[-87.92283,38.2992],[-87.91649,38.29937],[-87.90954,38.29606],[-87.90799,38.29233],[-87.91709,38.28008],[-87.91947,38.27455],[-87.91761,38.27008],[-87.91111,38.26803],[-87.90684,38.26963],[-87.8978,38.27948],[-87.89233,38.28268],[-87.88785,38.2853],[-87.88359,38.29522],[-87.88008,38.30535],[-87.87566,38.30993],[-87.87054,38.31222],[-87.86427,38.3107],[-87.86112,38.30783],[-87.86045,38.30311],[-87.86481,38.29539],[-87.86625,38.28998],[-87.86303,38.28017],[-87.85965,38.27671],[-87.85113,38.27512],[-87.84345,38.27817],[-87.83898,38.28233],[-87.83393,38.29061],[-87.83095,38.29937],[-87.83085,38.30561],[-87.8334,38.31665],[-87.83198,38.32697],[-87.82768,38.33403],[-87.82341,38.34597],[-87.81379,38.35379],[-87.80889,38.35973],[-87.8067,38.36238],[-87.80608,38.36314],[-87.79025,38.3667],[-87.78308,38.36886],[-87.76972,38.3807],[-87.76259,38.38894],[-87.75937,38.39266],[-87.75679,38.39565],[-87.7527,38.40038],[-87.7527,38.40039],[-87.74525,38.409],[-87.74377,38.41311],[-87.74369,38.41439],[-87.73886,38.41607],[-87.73451,38.41703],[-87.72798,38.41658],[-87.72185,38.41639],[-87.71552,38.41709],[-87.70865,38.41866],[-87.70422,38.42017],[-87.70012,38.42186],[-87.69812,38.42308],[-87.695,38.42592],[-87.69202,38.42785],[-87.68085,38.43176],[-87.67895,38.43113],[-87.67779,38.42998],[-87.67423,38.4289],[-87.67251,38.42901],[-87.66904,38.4307],[-87.66416,38.43087],[-87.66232,38.43224],[-87.6617,38.43568],[-87.66276,38.43773],[-87.66456,38.43878],[-87.66835,38.43949],[-87.6715,38.44044],[-87.67292,38.44259],[-87.67348,38.44647],[-87.67205,38.44737],[-87.66696,38.44801],[-87.66413,38.44922],[-87.66315,38.45086],[-87.66194,38.45431],[-87.66036,38.45628],[-87.65681,38.45865],[-87.65332,38.45872],[-87.65126,38.4579],[-87.65078,38.45596],[-87.65538,38.45305],[-87.65567,38.45125],[-87.65426,38.44962],[-87.65207,38.44916],[-87.64906,38.45077],[-87.6469,38.4537],[-87.64529,38.45504],[-87.64172,38.45606],[-87.63927,38.45552],[-87.63742,38.45368],[-87.63725,38.45155],[-87.63827,38.44887],[-87.63853,38.44696],[-87.63665,38.44318],[-87.63524,38.44223],[-87.63204,38.44292],[-87.63045,38.44635],[-87.62892,38.44811],[-87.62527,38.44955],[-87.62145,38.44969],[-87.61728,38.44766],[-87.6146,38.44681],[-87.60965,38.44678],[-87.60668,38.44757],[-87.59965,38.4506],[-87.59647,38.45322],[-87.59365,38.45772],[-87.59019,38.46246],[-87.58979,38.46402],[-87.58961,38.46844],[-87.58891,38.47056],[-87.5853,38.47676],[-87.57988,38.48438],[-87.58092,38.48603],[-87.58502,38.48862],[-87.58698,38.49235],[-87.58727,38.49428],[-87.58678,38.49651],[-87.58589,38.49778],[-87.5825,38.49985],[-87.58072,38.50002],[-87.57953,38.49846],[-87.57787,38.49413],[-87.57675,38.49279],[-87.5739,38.4912],[-87.57002,38.49058],[-87.56678,38.49107],[-87.56399,38.49083],[-87.55997,38.48991],[-87.55816,38.48986],[-87.54882,38.4903],[-87.54411,38.49104],[-87.54106,38.49204],[-87.54018,38.49282],[-87.54014,38.49511],[-87.54185,38.49869],[-87.54315,38.49981],[-87.54522,38.50275],[-87.54717,38.5085],[-87.54946,38.51165],[-87.54848,38.51448],[-87.54683,38.51652],[-87.54522,38.51735],[-87.53995,38.51866],[-87.53678,38.51845],[-87.53383,38.51723],[-87.53069,38.51521],[-87.5293,38.51277],[-87.5296,38.51013],[-87.53225,38.50607],[-87.53298,38.50379],[-87.53327,38.50098],[-87.53149,38.49886],[-87.53043,38.49841],[-87.52763,38.4987],[-87.52624,38.49951],[-87.52311,38.50239],[-87.52061,38.50358],[-87.51614,38.50381],[-87.51372,38.50342],[-87.50905,38.50109],[-87.50432,38.4972],[-87.50229,38.49607],[-87.49739,38.49421],[-87.49579,38.49415],[-87.49317,38.49553],[-87.4929,38.49758],[-87.49451,38.50056],[-87.49436,38.50196],[-87.49175,38.50529],[-87.48945,38.50673],[-87.48687,38.50778],[-87.48101,38.50901],[-87.47758,38.51048],[-87.4738,38.51278],[-87.47369,38.51639],[-87.47203,38.51958],[-87.47862,38.52387],[-87.47969,38.52535],[-87.47916,38.52748],[-87.47721,38.52834],[-87.4761,38.52801],[-87.47374,38.52551],[-87.47212,38.5222],[-87.46998,38.52039],[-87.46842,38.52174],[-87.46814,38.52338],[-87.46857,38.52611],[-87.46975,38.52907],[-87.46869,38.53192],[-87.46618,38.53289],[-87.46289,38.53352],[-87.46242,38.50191],[-87.46218,38.50005],[-87.46292,38.46752],[-87.4625,38.46572],[-87.4445,38.46549],[-87.44443,38.46123],[-87.44455,38.43612],[-87.44037,38.43601],[-87.40733,38.43632],[-87.40754,38.39247],[-87.40758,38.3755],[-87.40607,38.37549],[-87.40431,38.37728],[-87.40297,38.37684],[-87.40335,38.37516],[-87.40245,38.37447],[-87.39898,38.37438],[-87.39785,38.37486],[-87.39865,38.37729],[-87.39861,38.38003],[-87.39753,38.38056],[-87.39666,38.37947],[-87.39684,38.37652],[-87.39538,38.37572],[-87.39194,38.37727],[-87.39384,38.38111],[-87.39141,38.38254],[-87.38711,38.38286],[-87.38722,38.37877],[-87.38821,38.37656],[-87.38711,38.37558],[-87.38535,38.3754],[-87.38494,38.37624],[-87.38564,38.37852],[-87.3839,38.37946],[-87.38206,38.37931],[-87.38219,38.38102],[-87.38004,38.38338],[-87.37796,38.38016],[-87.37653,38.37714],[-87.37439,38.37717],[-87.37485,38.38055],[-87.37255,38.38167],[-87.37129,38.38056],[-87.37192,38.37796],[-87.37073,38.37683],[-87.36971,38.377],[-87.36867,38.37876],[-87.36681,38.37929],[-87.36517,38.37856],[-87.36379,38.37944],[-87.36481,38.38148],[-87.36203,38.37991],[-87.36095,38.38144],[-87.35765,38.38241],[-87.35825,38.38472],[-87.35762,38.3878],[-87.35454,38.38699],[-87.35293,38.3857],[-87.3514,38.38555],[-87.34998,38.38624],[-87.34817,38.38624],[-87.34772,38.38512],[-87.35005,38.3845],[-87.35072,38.38361],[-87.34994,38.38191],[-87.34749,38.38271],[-87.34493,38.38228],[-87.34409,38.38264],[-87.34304,38.38531],[-87.34061,38.3873],[-87.33742,38.38466],[-87.33798,38.3837],[-87.34097,38.38388],[-87.3417,38.38223],[-87.34161,38.37984],[-87.33969,38.3788],[-87.33902,38.38116],[-87.33787,38.38168],[-87.33574,38.37945],[-87.33404,38.37908],[-87.33273,38.37958],[-87.33136,38.38169],[-87.32982,38.38114],[-87.32997,38.37931],[-87.32901,38.37794],[-87.32726,38.37795],[-87.32657,38.3822],[-87.32442,38.38361],[-87.32314,38.38292],[-87.32295,38.38055],[-87.32539,38.37959],[-87.32493,38.37811],[-87.3219,38.37713],[-87.32062,38.37716],[-87.32052,38.37997],[-87.31953,38.38276],[-87.31824,38.38298],[-87.31624,38.38148],[-87.31589,38.38023],[-87.31746,38.37986],[-87.31793,38.37931],[-87.3178,38.37861],[-87.31681,38.37726],[-87.31701,38.37669],[-87.31766,38.37593],[-87.31768,38.37539],[-87.31732,38.37524],[-87.31596,38.37529],[-87.31656,38.34141],[-87.31658,38.3342],[-87.31652,38.32667],[-87.31698,38.28977],[-87.31689,38.24608],[-87.31702,38.20455],[-87.31703,38.20175],[-87.32694,38.20164],[-87.34303,38.20157],[-87.34981,38.20152],[-87.35514,38.20162],[-87.46674,38.20129],[-87.46721,38.16957],[-87.46728,38.1654],[-87.52706,38.16635],[-87.53074,38.16667],[-87.53734,38.16692],[-87.55036,38.16693],[-87.57796,38.16693],[-87.59668,38.16745],[-87.66377,38.16834],[-87.68837,38.16842],[-87.68821,38.201],[-87.76262,38.20154],[-87.76705,38.20169],[-87.78494,38.20184],[-87.79968,38.20194],[-87.79962,38.20932],[-87.79917,38.22858],[-87.80858,38.22872],[-87.82743,38.22887],[-87.9837,38.23035],[-87.98047,38.23541],[-87.97963,38.24055],[-87.9824,38.2487],[-87.98352,38.25005],[-87.98804,38.25549],[-87.98772,38.25691]]]}},{"type":"Feature","properties":{"GEOID":"18053","NAME":"Grant"},"geometry":{"type":"Polygon","coordinates":[[[-85.86479,40.65169],[-85.86214,40.65172],[-85.85715,40.65136],[-85.83893,40.65172],[-85.83632,40.65192],[-85.78852,40.65224],[-85.77632,40.6524],[-85.77189,40.65229],[-85.76017,40.65238],[-85.75642,40.65205],[-85.75294,40.65239],[-85.74305,40.65217],[-85.73726,40.65257],[-85.67552,40.65282],[-85.63859,40.65313],[-85.62275,40.65319],[-85.56229,40.65319],[-85.52549,40.65329],[-85.44882,40.65361],[-85.44899,40.65127],[-85.44813,40.62513],[-85.44701,40.56693],[-85.44583,40.4793],[-85.44557,40.46581],[-85.44559,40.46433],[-85.44481,40.42189],[-85.44433,40.37914],[-85.46305,40.37942],[-85.4779,40.37901],[-85.48287,40.37885],[-85.55113,40.37876],[-85.5523,40.37867],[-85.55348,40.37877],[-85.55942,40.37902],[-85.57859,40.37952],[-85.67164,40.37936],[-85.67164,40.37951],[-85.68063,40.37889],[-85.69015,40.37848],[-85.70895,40.37856],[-85.71998,40.37856],[-85.72797,40.37878],[-85.7659,40.37903],[-85.78619,40.37892],[-85.8623,40.37837],[-85.86212,40.40689],[-85.8628,40.46475],[-85.86305,40.47873],[-85.86333,40.49874],[-85.86345,40.50422],[-85.86355,40.50781],[-85.86406,40.53685],[-85.86425,40.55138],[-85.86364,40.56553],[-85.86376,40.57465],[-85.86381,40.58099],[-85.86381,40.581],[-85.86479,40.65169]]]}},{"type":"Feature","properties":{"GEOID":"18055","NAME":"Greene"},"geometry":{"type":"Polygon","coordinates":[[[-87.24106,39.10079],[-87.2409,39.12085],[-87.24084,39.14263],[-87.24083,39.15652],[-87.24074,39.17177],[-87.21298,39.17114],[-87.20813,39.17102],[-87.19425,39.17064],[-87.18487,39.17043],[-87.18484,39.17043],[-87.12893,39.16899],[-87.07351,39.16831],[-87.06834,39.16797],[-87.06318,39.16799],[-87.05458,39.16809],[-87.0359,39.16813],[-87.0276,39.16822],[-87.02663,39.16818],[-86.91858,39.1679],[-86.90526,39.16784],[-86.89314,39.1679],[-86.89072,39.16768],[-86.88261,39.16763],[-86.87705,39.1673],[-86.87499,39.1675],[-86.85978,39.16728],[-86.84632,39.16759],[-86.84579,39.16744],[-86.83213,39.16703],[-86.8298,39.16702],[-86.79749,39.16675],[-86.7952,39.16673],[-86.75754,39.16645],[-86.73879,39.16623],[-86.73762,39.1663],[-86.683,39.16575],[-86.68252,39.10728],[-86.68243,39.09401],[-86.6823,39.08669],[-86.68235,39.08334],[-86.6824,39.07985],[-86.68228,38.9924],[-86.68285,38.9047],[-86.7294,38.90453],[-86.79443,38.90437],[-86.83142,38.90433],[-86.84759,38.90431],[-86.8951,38.90421],[-86.90425,38.9042],[-86.91486,38.90403],[-86.95961,38.90322],[-86.99513,38.90273],[-86.99688,38.90275],[-87.01736,38.90259],[-87.09877,38.90397],[-87.10131,38.90402],[-87.12977,38.90468],[-87.12988,38.90731],[-87.17358,38.90762],[-87.24013,38.90786],[-87.24103,38.90787],[-87.24083,38.96129],[-87.24078,38.96502],[-87.24083,38.9653],[-87.24069,38.96691],[-87.24098,38.97306],[-87.24101,38.97971],[-87.24067,38.98124],[-87.2408,38.99448],[-87.2408,39.00012],[-87.24049,39.00086],[-87.24052,39.00754],[-87.24075,39.00906],[-87.2408,39.03088],[-87.24085,39.03833],[-87.24092,39.0844],[-87.24096,39.09902],[-87.24106,39.10079]]]}},{"type":"Feature","properties":{"GEOID":"18057","NAME":"Hamilton"},"geometry":{"type":"Polygon","coordinates":[[[-86.24274,40.21583],[-86.12823,40.21721],[-86.12797,40.21721],[-86.06903,40.21763],[-86.03493,40.21786],[-86.02245,40.21796],[-86.01314,40.21804],[-85.99608,40.21815],[-85.96643,40.21828],[-85.8619,40.21894],[-85.86248,40.21218],[-85.86273,40.19225],[-85.86282,40.16255],[-85.86283,40.14727],[-85.86284,40.14256],[-85.86286,40.13611],[-85.86358,40.133],[-85.86328,40.10386],[-85.86305,40.07456],[-85.86307,40.07203],[-85.86307,40.07138],[-85.86305,40.07038],[-85.86304,40.06944],[-85.86302,40.06921],[-85.86294,40.06914],[-85.86306,40.06908],[-85.86301,40.06621],[-85.86301,40.06504],[-85.86298,40.05995],[-85.86286,40.04529],[-85.8624,40.03156],[-85.86224,40.00229],[-85.86224,39.99502],[-85.86226,39.99214],[-85.86226,39.99203],[-85.86225,39.98469],[-85.86212,39.97306],[-85.86208,39.96546],[-85.86186,39.95846],[-85.86238,39.95557],[-85.86238,39.95546],[-85.86249,39.94362],[-85.86239,39.93622],[-85.86238,39.93438],[-85.86238,39.93425],[-85.8624,39.92894],[-85.86744,39.92889],[-85.88109,39.92874],[-85.88465,39.92871],[-85.89204,39.92865],[-85.895,39.92863],[-85.89982,39.92859],[-85.90276,39.92855],[-85.90452,39.92847],[-85.90575,39.9284],[-85.91429,39.92797],[-85.91899,39.92772],[-85.93025,39.92757],[-85.93613,39.92751],[-85.93759,39.92714],[-85.94549,39.92706],[-85.94862,39.92704],[-85.94998,39.92703],[-85.97012,39.92686],[-85.97536,39.92686],[-85.97587,39.92709],[-85.98085,39.92711],[-85.99148,39.92703],[-85.99504,39.927],[-86.00166,39.92706],[-86.00639,39.92709],[-86.01339,39.92738],[-86.01926,39.92728],[-86.02642,39.92718],[-86.02947,39.92711],[-86.04626,39.92705],[-86.04858,39.92705],[-86.05066,39.92705],[-86.05548,39.92703],[-86.06309,39.927],[-86.06612,39.92701],[-86.06959,39.92699],[-86.07618,39.92695],[-86.08871,39.92688],[-86.09112,39.92689],[-86.10349,39.92689],[-86.11241,39.9269],[-86.12681,39.92687],[-86.13293,39.92688],[-86.13637,39.92707],[-86.14588,39.92717],[-86.15069,39.9271],[-86.15384,39.92707],[-86.15806,39.92701],[-86.16507,39.92691],[-86.18403,39.92681],[-86.20309,39.92663],[-86.22229,39.92628],[-86.22961,39.92617],[-86.24074,39.92606],[-86.2409,39.94075],[-86.24102,39.96257],[-86.24118,39.97709],[-86.24107,39.99152],[-86.24125,39.99804],[-86.2411,39.99864],[-86.24107,39.99877],[-86.24142,40.04154],[-86.24146,40.07082],[-86.24172,40.09985],[-86.2419,40.12962],[-86.24197,40.14612],[-86.24218,40.16583],[-86.24237,40.18078],[-86.24274,40.21583]]]}},{"type":"Feature","properties":{"GEOID":"18059","NAME":"Hancock"},"geometry":{"type":"Polygon","coordinates":[[[-85.95401,39.86965],[-85.93847,39.86981],[-85.93807,39.86981],[-85.93807,39.87525],[-85.93807,39.87702],[-85.93809,39.88698],[-85.93808,39.88718],[-85.93808,39.89143],[-85.93808,39.89863],[-85.9381,39.91303],[-85.93808,39.9232],[-85.93738,39.92643],[-85.93759,39.92714],[-85.93613,39.92751],[-85.93025,39.92757],[-85.91899,39.92772],[-85.91429,39.92797],[-85.90575,39.9284],[-85.90452,39.92847],[-85.90276,39.92855],[-85.89982,39.92859],[-85.895,39.92863],[-85.89204,39.92865],[-85.88465,39.92871],[-85.88109,39.92874],[-85.86744,39.92889],[-85.8624,39.92894],[-85.86238,39.93425],[-85.86238,39.93438],[-85.86239,39.93622],[-85.86249,39.94362],[-85.85423,39.94373],[-85.83761,39.94403],[-85.82818,39.94414],[-85.82403,39.94425],[-85.81986,39.94429],[-85.81517,39.94433],[-85.81042,39.94445],[-85.80571,39.94457],[-85.78665,39.94468],[-85.69235,39.94545],[-85.68764,39.94552],[-85.67379,39.94564],[-85.67312,39.94554],[-85.57619,39.94576],[-85.57633,39.9165],[-85.57655,39.90192],[-85.57661,39.89608],[-85.57666,39.8873],[-85.5768,39.87281],[-85.57867,39.87275],[-85.59114,39.87276],[-85.59668,39.87293],[-85.5967,39.86642],[-85.59688,39.7919],[-85.59692,39.78652],[-85.60152,39.78655],[-85.6205,39.78634],[-85.63349,39.78618],[-85.63327,39.77115],[-85.63276,39.76387],[-85.63265,39.74204],[-85.63323,39.69846],[-85.70566,39.69887],[-85.70642,39.69874],[-85.7158,39.69884],[-85.72539,39.69885],[-85.73549,39.69882],[-85.73723,39.69882],[-85.74423,39.69885],[-85.745,39.69884],[-85.76808,39.69907],[-85.78347,39.69896],[-85.79888,39.69887],[-85.80961,39.69881],[-85.81608,39.69877],[-85.81883,39.69876],[-85.82009,39.69859],[-85.82157,39.69857],[-85.83039,39.69848],[-85.83825,39.6984],[-85.83888,39.6984],[-85.85708,39.69832],[-85.89589,39.69845],[-85.89621,39.69842],[-85.95172,39.69714],[-85.9517,39.72642],[-85.95184,39.73411],[-85.95182,39.74093],[-85.9522,39.7556],[-85.95231,39.77197],[-85.95235,39.77414],[-85.95238,39.78267],[-85.95238,39.7827],[-85.9524,39.78444],[-85.95241,39.78517],[-85.95258,39.79738],[-85.95289,39.80649],[-85.9529,39.80675],[-85.95294,39.81207],[-85.95307,39.82377],[-85.95312,39.82678],[-85.95332,39.83413],[-85.95349,39.84146],[-85.95368,39.85612],[-85.95401,39.86965]]]}},{"type":"Feature","properties":{"GEOID":"18061","NAME":"Harrison"},"geometry":{"type":"Polygon","coordinates":[[[-86.32768,38.18274],[-86.32441,38.18221],[-86.32162,38.1802],[-86.31732,38.17814],[-86.31516,38.17777],[-86.31279,38.17813],[-86.30982,38.18045],[-86.30996,38.18184],[-86.31522,38.18456],[-86.3172,38.18622],[-86.3182,38.1881],[-86.31704,38.18939],[-86.31168,38.18885],[-86.31043,38.18965],[-86.31045,38.19243],[-86.30917,38.19754],[-86.30856,38.20024],[-86.30651,38.20252],[-86.29982,38.20252],[-86.29836,38.20319],[-86.295,38.2037],[-86.29449,38.20185],[-86.29199,38.20132],[-86.28972,38.20203],[-86.2899,38.20269],[-86.29425,38.207],[-86.29508,38.20907],[-86.28999,38.21051],[-86.28843,38.21287],[-86.28906,38.21419],[-86.29063,38.21523],[-86.29282,38.21585],[-86.29743,38.21819],[-86.2982,38.21914],[-86.29812,38.22092],[-86.29493,38.22396],[-86.2933,38.22458],[-86.29089,38.22405],[-86.28629,38.22107],[-86.28386,38.2209],[-86.28051,38.22314],[-86.27819,38.22626],[-86.27696,38.22713],[-86.27674,38.23408],[-86.27558,38.26608],[-86.27504,38.27342],[-86.2749,38.27844],[-86.27476,38.27996],[-86.27604,38.28148],[-86.27889,38.28229],[-86.27987,38.28304],[-86.28042,38.28482],[-86.27944,38.28619],[-86.27779,38.28677],[-86.27646,38.28595],[-86.27263,38.2813],[-86.26979,38.27839],[-86.2675,38.28019],[-86.26672,38.28489],[-86.26555,38.28625],[-86.26331,38.28555],[-86.26138,38.28408],[-86.2581,38.28358],[-86.25669,38.28435],[-86.25643,38.28783],[-86.25487,38.29067],[-86.25314,38.2919],[-86.25275,38.29383],[-86.25337,38.29533],[-86.25512,38.2965],[-86.25879,38.29695],[-86.26122,38.29666],[-86.26306,38.29495],[-86.26439,38.29466],[-86.26495,38.29587],[-86.26472,38.29881],[-86.26506,38.30244],[-86.26403,38.30411],[-86.26191,38.30372],[-86.25896,38.30509],[-86.25885,38.30564],[-86.26364,38.30805],[-86.26585,38.30856],[-86.26959,38.30794],[-86.27199,38.3058],[-86.27459,38.30083],[-86.2758,38.30042],[-86.2777,38.30136],[-86.27842,38.30301],[-86.27589,38.3068],[-86.27622,38.30854],[-86.27786,38.30956],[-86.28161,38.31088],[-86.28333,38.31191],[-86.28614,38.3144],[-86.28889,38.31551],[-86.28972,38.31652],[-86.28912,38.31752],[-86.28479,38.32074],[-86.28322,38.32418],[-86.28351,38.32523],[-86.28667,38.32738],[-86.28742,38.32887],[-86.28708,38.3304],[-86.28564,38.33186],[-86.28455,38.33196],[-86.28272,38.32975],[-86.28239,38.32598],[-86.28173,38.32374],[-86.2785,38.32083],[-86.27482,38.32035],[-86.27347,38.32111],[-86.27368,38.32445],[-86.27695,38.32654],[-86.27698,38.32738],[-86.27367,38.32969],[-86.27486,38.33368],[-86.27491,38.33581],[-86.27624,38.33817],[-86.27636,38.34031],[-86.27291,38.34054],[-86.27154,38.34114],[-86.27163,38.34244],[-86.27352,38.34504],[-86.27514,38.34951],[-86.28107,38.3484],[-86.28177,38.34938],[-86.28114,38.35063],[-86.27719,38.35388],[-86.2734,38.35619],[-86.27153,38.36069],[-86.27076,38.36128],[-86.26628,38.36216],[-86.265,38.36201],[-86.26361,38.35995],[-86.26272,38.3572],[-86.26115,38.35565],[-86.25658,38.35394],[-86.25355,38.35227],[-86.25078,38.34846],[-86.24792,38.34876],[-86.24716,38.34946],[-86.24759,38.35124],[-86.25273,38.35526],[-86.25246,38.35639],[-86.24942,38.35913],[-86.24794,38.36117],[-86.24837,38.36369],[-86.25392,38.36484],[-86.25617,38.36556],[-86.25805,38.36683],[-86.25747,38.36906],[-86.25922,38.37264],[-86.25915,38.37638],[-86.26118,38.38044],[-86.25992,38.38822],[-86.25898,38.38938],[-86.25633,38.38961],[-86.2557,38.38894],[-86.25567,38.38556],[-86.25502,38.38441],[-86.25237,38.38317],[-86.25047,38.38328],[-86.24558,38.38742],[-86.24602,38.38882],[-86.25121,38.39151],[-86.25904,38.39319],[-86.2616,38.39484],[-86.26077,38.39762],[-86.25905,38.39809],[-86.25571,38.39488],[-86.25328,38.39437],[-86.25142,38.39564],[-86.2507,38.39789],[-86.25248,38.40065],[-86.25304,38.40224],[-86.2524,38.40265],[-86.25172,38.40613],[-86.25302,38.40762],[-86.25835,38.41014],[-86.26028,38.40961],[-86.26376,38.41016],[-86.26484,38.41111],[-86.26343,38.41248],[-86.26078,38.41382],[-86.25912,38.41624],[-86.25758,38.41775],[-86.25692,38.4197],[-86.25504,38.42269],[-86.21244,38.4221],[-86.18629,38.42121],[-86.1839,38.42136],[-86.15118,38.42019],[-86.14173,38.41992],[-86.12498,38.41944],[-86.12329,38.41968],[-86.11326,38.41936],[-86.1097,38.41924],[-86.10688,38.41918],[-86.0901,38.41894],[-86.08208,38.41851],[-86.03277,38.4179],[-86.0331,38.3852],[-86.03314,38.37427],[-86.03234,38.37429],[-86.03241,38.35282],[-86.03256,38.33082],[-86.01431,38.33064],[-86.01435,38.32642],[-86.01436,38.31642],[-86.01421,38.31394],[-86.01422,38.30181],[-86.01412,38.30181],[-85.99732,38.30177],[-85.99539,38.30185],[-85.99531,38.30077],[-85.9953,38.29844],[-85.9953,38.2927],[-85.99522,38.28704],[-85.99243,38.28706],[-85.99241,38.27279],[-85.97376,38.27277],[-85.9738,38.25863],[-85.97385,38.25813],[-85.9552,38.25774],[-85.95529,38.21336],[-85.9555,38.19951],[-85.95764,38.19934],[-85.95802,38.18662],[-85.95802,38.18594],[-85.93996,38.18614],[-85.9001,38.18547],[-85.89955,38.18037],[-85.90387,38.17414],[-85.90797,38.16147],[-85.90913,38.14439],[-85.90875,38.13379],[-85.90608,38.11689],[-85.90516,38.11107],[-85.90423,38.0998],[-85.90527,38.08893],[-85.90641,38.08629],[-85.90772,38.08328],[-85.91201,38.0734],[-85.91384,38.07196],[-85.91537,38.06516],[-85.91631,38.06093],[-85.91891,38.0412],[-85.92127,38.03032],[-85.92565,38.02178],[-85.93122,38.01602],[-85.93961,38.00982],[-85.94222,38.00727],[-85.94711,38.00509],[-85.95464,38.00466],[-85.97292,38.00257],[-85.97742,38.00339],[-85.99901,37.99998],[-86.00405,37.99919],[-86.01845,37.99653],[-86.02556,37.9945],[-86.02951,37.99264],[-86.03071,37.99161],[-86.03247,37.9901],[-86.0351,37.98436],[-86.03543,37.98136],[-86.03358,37.97023],[-86.03427,37.96525],[-86.03436,37.96462],[-86.03601,37.9617],[-86.03819,37.95959],[-86.04231,37.95817],[-86.04674,37.959],[-86.05003,37.9605],[-86.058,37.96767],[-86.06486,37.97562],[-86.068,37.98066],[-86.0699,37.98371],[-86.07593,37.99549],[-86.07546,37.99718],[-86.07939,38.00062],[-86.0794,38.00063],[-86.08634,38.00493],[-86.09906,38.01042],[-86.10417,38.01263],[-86.11752,38.01544],[-86.1283,38.01619],[-86.13331,38.01582],[-86.1479,38.01475],[-86.15248,38.01302],[-86.16531,38.00987],[-86.16937,38.01],[-86.17656,38.01023],[-86.18848,38.01538],[-86.19093,38.01644],[-86.19646,38.01862],[-86.20132,38.02054],[-86.20611,38.02242],[-86.22071,38.02818],[-86.22333,38.03152],[-86.23345,38.03818],[-86.23334,38.03963],[-86.24693,38.04468],[-86.25273,38.04775],[-86.25926,38.05121],[-86.2672,38.0568],[-86.27138,38.06196],[-86.27263,38.06506],[-86.27358,38.06744],[-86.2777,38.08248],[-86.27903,38.09977],[-86.2791,38.10075],[-86.27791,38.10501],[-86.27536,38.11411],[-86.27027,38.12978],[-86.27061,38.13578],[-86.27285,38.14084],[-86.27713,38.14597],[-86.28711,38.15794],[-86.29574,38.16407],[-86.31714,38.17291],[-86.32967,38.1817],[-86.32768,38.18274]]]}},{"type":"Feature","properties":{"GEOID":"18063","NAME":"Hendricks"},"geometry":{"type":"Polygon","coordinates":[[[-86.69507,39.92277],[-86.65723,39.92309],[-86.63856,39.92281],[-86.63441,39.9228],[-86.63225,39.9228],[-86.62858,39.9228],[-86.62109,39.92277],[-86.61943,39.92265],[-86.61869,39.9227],[-86.61604,39.92268],[-86.59588,39.9227],[-86.58771,39.92273],[-86.58158,39.92282],[-86.57616,39.92269],[-86.54371,39.92279],[-86.53431,39.92282],[-86.50603,39.92291],[-86.46867,39.92278],[-86.44985,39.9233],[-86.43087,39.92349],[-86.42905,39.92366],[-86.39771,39.92377],[-86.39056,39.92379],[-86.35996,39.924],[-86.35526,39.92404],[-86.35183,39.92407],[-86.3402,39.92411],[-86.33326,39.92414],[-86.3296,39.92417],[-86.32629,39.92403],[-86.32629,39.92186],[-86.32639,39.92103],[-86.32589,39.88233],[-86.32605,39.88205],[-86.326,39.87405],[-86.32537,39.86618],[-86.32812,39.86612],[-86.32801,39.85927],[-86.32787,39.85196],[-86.32757,39.83628],[-86.32746,39.83054],[-86.32744,39.82987],[-86.3273,39.82272],[-86.32723,39.81971],[-86.32715,39.81558],[-86.32715,39.81548],[-86.327,39.80801],[-86.3268,39.80065],[-86.32677,39.79898],[-86.32664,39.79331],[-86.32652,39.786],[-86.32641,39.77928],[-86.32664,39.77864],[-86.32692,39.77781],[-86.3269,39.77638],[-86.32687,39.77101],[-86.3268,39.76515],[-86.32679,39.76377],[-86.32674,39.7598],[-86.3267,39.75632],[-86.32667,39.75012],[-86.32666,39.74902],[-86.32664,39.74638],[-86.32656,39.7362],[-86.32655,39.73548],[-86.32654,39.73438],[-86.3265,39.72944],[-86.32651,39.72938],[-86.32659,39.72878],[-86.32659,39.71984],[-86.32659,39.71949],[-86.32632,39.69443],[-86.32657,39.68655],[-86.32661,39.68589],[-86.32657,39.68168],[-86.32658,39.6718],[-86.32642,39.65771],[-86.3264,39.65038],[-86.32639,39.64877],[-86.32636,39.64677],[-86.32638,39.64312],[-86.32634,39.63218],[-86.3359,39.63199],[-86.34731,39.63166],[-86.3479,39.63168],[-86.35966,39.63148],[-86.36226,39.63109],[-86.3652,39.63099],[-86.37512,39.6308],[-86.37553,39.63079],[-86.38556,39.63068],[-86.39404,39.63068],[-86.41789,39.63046],[-86.43706,39.63029],[-86.46593,39.63003],[-86.4656,39.60077],[-86.46821,39.60076],[-86.51741,39.60075],[-86.55985,39.60086],[-86.65098,39.60114],[-86.65665,39.60139],[-86.65523,39.6036],[-86.65535,39.60477],[-86.65423,39.60628],[-86.65387,39.60793],[-86.65207,39.6099],[-86.65,39.61112],[-86.64813,39.60982],[-86.64734,39.61055],[-86.64797,39.6124],[-86.64779,39.61447],[-86.64607,39.61466],[-86.6435,39.61737],[-86.64285,39.61865],[-86.64364,39.62006],[-86.64329,39.62241],[-86.64416,39.62434],[-86.64402,39.62599],[-86.64499,39.62751],[-86.64175,39.63004],[-86.66138,39.63026],[-86.66192,39.63027],[-86.68741,39.63044],[-86.68731,39.65951],[-86.68725,39.67401],[-86.68718,39.68814],[-86.68708,39.71724],[-86.68682,39.76082],[-86.68681,39.77611],[-86.68681,39.81968],[-86.68665,39.82731],[-86.68684,39.86484],[-86.69513,39.86485],[-86.69507,39.92277]]]}},{"type":"Feature","properties":{"GEOID":"18065","NAME":"Henry"},"geometry":{"type":"Polygon","coordinates":[[[-85.59688,39.7919],[-85.5967,39.86642],[-85.59668,39.87293],[-85.59114,39.87276],[-85.57867,39.87275],[-85.5768,39.87281],[-85.57666,39.8873],[-85.57661,39.89608],[-85.57655,39.90192],[-85.57633,39.9165],[-85.57619,39.94576],[-85.57635,39.94668],[-85.57636,39.96982],[-85.57636,39.9901],[-85.57607,40.00465],[-85.57613,40.04771],[-85.57641,40.04784],[-85.57628,40.06256],[-85.5762,40.07714],[-85.53757,40.07702],[-85.48028,40.07689],[-85.44255,40.07669],[-85.40372,40.07648],[-85.39445,40.07646],[-85.38481,40.07641],[-85.3281,40.07655],[-85.32538,40.07649],[-85.30882,40.07668],[-85.3029,40.07672],[-85.21439,40.07689],[-85.21394,40.06228],[-85.21355,40.019],[-85.2135,40.00438],[-85.20147,40.00452],[-85.20105,39.97528],[-85.2008,39.9607],[-85.20052,39.94712],[-85.20095,39.8738],[-85.22073,39.87358],[-85.22106,39.83226],[-85.22112,39.82975],[-85.22114,39.81185],[-85.22102,39.81105],[-85.22112,39.78845],[-85.30158,39.78758],[-85.30526,39.78753],[-85.31955,39.78736],[-85.40921,39.78731],[-85.40979,39.78731],[-85.44785,39.78743],[-85.47489,39.78727],[-85.49407,39.78717],[-85.52252,39.78686],[-85.52488,39.78685],[-85.52498,39.78685],[-85.54819,39.78671],[-85.54866,39.7868],[-85.59692,39.78652],[-85.59688,39.7919]]]}},{"type":"Feature","properties":{"GEOID":"18067","NAME":"Howard"},"geometry":{"type":"Polygon","coordinates":[[[-86.3755,40.48901],[-86.37549,40.49259],[-86.37548,40.50004],[-86.37527,40.50171],[-86.37515,40.51784],[-86.37442,40.56136],[-86.34673,40.56133],[-86.28022,40.56177],[-86.28014,40.56177],[-86.26125,40.56188],[-86.24228,40.56196],[-86.22207,40.56217],[-86.20298,40.56236],[-86.18404,40.56246],[-86.16502,40.56265],[-86.13899,40.56297],[-86.12742,40.5631],[-86.12122,40.56317],[-86.08935,40.56341],[-86.01332,40.56413],[-85.93878,40.5648],[-85.91979,40.56497],[-85.87786,40.56536],[-85.86364,40.56553],[-85.86425,40.55138],[-85.86406,40.53685],[-85.86355,40.50781],[-85.86345,40.50422],[-85.86333,40.49874],[-85.86305,40.47873],[-85.8628,40.46475],[-85.86212,40.40689],[-85.91866,40.40652],[-85.97551,40.40623],[-85.99457,40.40598],[-86.06999,40.40506],[-86.12711,40.40434],[-86.18413,40.40356],[-86.22228,40.40315],[-86.23644,40.40297],[-86.24281,40.40291],[-86.24299,40.37366],[-86.28075,40.37373],[-86.28083,40.38834],[-86.30933,40.38837],[-86.30925,40.43171],[-86.3568,40.43185],[-86.37576,40.43185],[-86.3755,40.48901]]]}},{"type":"Feature","properties":{"GEOID":"18069","NAME":"Huntington"},"geometry":{"type":"Polygon","coordinates":[[[-85.64384,41.0023],[-85.56645,41.00306],[-85.54919,41.00335],[-85.48989,41.0042],[-85.45215,41.00523],[-85.41316,41.00524],[-85.33564,41.00525],[-85.33566,41.00159],[-85.3357,40.96046],[-85.33567,40.94638],[-85.33569,40.94597],[-85.33596,40.9315],[-85.33603,40.91708],[-85.33558,40.87452],[-85.33542,40.85991],[-85.33546,40.83065],[-85.33551,40.82166],[-85.33551,40.82082],[-85.33541,40.80068],[-85.33504,40.74203],[-85.3349,40.7127],[-85.33482,40.68346],[-85.33467,40.65441],[-85.34396,40.6548],[-85.39484,40.65398],[-85.39827,40.65369],[-85.44882,40.65361],[-85.52549,40.65329],[-85.56229,40.65319],[-85.62275,40.65319],[-85.63859,40.65313],[-85.63956,40.69665],[-85.64008,40.7405],[-85.6399,40.74051],[-85.64022,40.75749],[-85.64007,40.75891],[-85.6414,40.82721],[-85.64188,40.8479],[-85.64098,40.84973],[-85.64135,40.8707],[-85.64198,40.91474],[-85.64234,40.91474],[-85.64372,40.98839],[-85.64384,41.0023]]]}},{"type":"Feature","properties":{"GEOID":"18071","NAME":"Jackson"},"geometry":{"type":"Polygon","coordinates":[[[-86.31813,39.04881],[-86.2998,39.04886],[-86.24448,39.04917],[-86.24444,39.04836],[-86.17237,39.04856],[-86.08027,39.05027],[-86.07984,39.0359],[-86.06173,39.036],[-86.02253,39.03677],[-85.98381,39.03777],[-85.96093,39.03815],[-85.90933,39.04028],[-85.90724,39.04037],[-85.90563,39.04036],[-85.88475,39.04053],[-85.87747,39.0404],[-85.87367,39.04065],[-85.86057,39.04091],[-85.85898,39.04302],[-85.8595,39.04478],[-85.86234,39.04654],[-85.86245,39.04892],[-85.86036,39.04968],[-85.85774,39.04993],[-85.85607,39.05157],[-85.85376,39.05485],[-85.8514,39.05566],[-85.84971,39.05498],[-85.84728,39.05523],[-85.84725,39.05651],[-85.84714,39.05983],[-85.8431,39.06089],[-85.84113,39.06321],[-85.83949,39.06218],[-85.83296,39.06366],[-85.82826,39.06359],[-85.82674,39.06544],[-85.82445,39.06636],[-85.82285,39.06971],[-85.8212,39.06875],[-85.81928,39.06909],[-85.81645,39.07089],[-85.81578,39.06947],[-85.81239,39.06836],[-85.81284,39.06975],[-85.81039,39.06965],[-85.80745,39.07074],[-85.80421,39.0708],[-85.80084,39.06908],[-85.7988,39.06854],[-85.79813,39.0277],[-85.79734,38.97493],[-85.79726,38.96976],[-85.79718,38.96124],[-85.79676,38.95384],[-85.79699,38.95252],[-85.79696,38.9401],[-85.79646,38.91102],[-85.79631,38.90245],[-85.7954,38.82347],[-85.79523,38.81237],[-85.79536,38.80751],[-85.79767,38.80454],[-85.8001,38.80296],[-85.79981,38.80131],[-85.80206,38.79779],[-85.80197,38.79657],[-85.80463,38.79548],[-85.80531,38.792],[-85.80725,38.78938],[-85.80678,38.78583],[-85.80561,38.78325],[-85.80584,38.78162],[-85.80491,38.77954],[-85.80952,38.77766],[-85.8111,38.77785],[-85.81084,38.77943],[-85.81189,38.77973],[-85.81364,38.77769],[-85.81735,38.77788],[-85.81943,38.7765],[-85.82083,38.77387],[-85.82235,38.77213],[-85.82229,38.77057],[-85.82344,38.76992],[-85.82586,38.76871],[-85.82551,38.76726],[-85.82787,38.76611],[-85.82981,38.76423],[-85.83037,38.76261],[-85.83004,38.75861],[-85.83115,38.75575],[-85.83235,38.75395],[-85.83235,38.75182],[-85.83407,38.75086],[-85.83591,38.75205],[-85.83714,38.75129],[-85.83728,38.74879],[-85.83936,38.74705],[-85.84067,38.74717],[-85.84336,38.74476],[-85.84333,38.74278],[-85.8416,38.74114],[-85.84233,38.73935],[-85.84367,38.73869],[-85.84817,38.7383],[-85.84723,38.7353],[-85.8481,38.73482],[-85.85143,38.7363],[-85.85447,38.73488],[-85.85637,38.73138],[-85.85867,38.73003],[-85.8611,38.73192],[-85.86446,38.72986],[-85.8665,38.72931],[-85.8681,38.73059],[-85.87088,38.72954],[-85.87164,38.72864],[-85.86912,38.72729],[-85.86956,38.72617],[-85.87298,38.72631],[-85.87432,38.72837],[-85.87678,38.72841],[-85.87921,38.72935],[-85.88047,38.72807],[-85.87877,38.72663],[-85.87991,38.72541],[-85.8814,38.72503],[-85.88237,38.72535],[-85.88393,38.7273],[-85.88374,38.72893],[-85.88226,38.73067],[-85.88298,38.73116],[-85.88655,38.73049],[-85.88767,38.73177],[-85.8876,38.73306],[-85.88601,38.73395],[-85.88599,38.73501],[-85.88833,38.73444],[-85.88972,38.73393],[-85.89019,38.7324],[-85.88955,38.73055],[-85.89078,38.72972],[-85.89335,38.72975],[-85.89449,38.73137],[-85.89314,38.73501],[-85.89189,38.73654],[-85.89358,38.73785],[-85.89527,38.73815],[-85.89489,38.74007],[-85.89647,38.74126],[-85.89872,38.74053],[-85.90044,38.7422],[-85.90012,38.74328],[-85.89717,38.74387],[-85.89702,38.74497],[-85.8984,38.74755],[-85.89802,38.74897],[-85.89616,38.75006],[-85.90059,38.75381],[-85.90304,38.75182],[-85.90594,38.75292],[-85.90714,38.75132],[-85.90892,38.75116],[-85.91,38.75285],[-85.90842,38.7551],[-85.90845,38.75615],[-85.90968,38.75711],[-85.91169,38.75659],[-85.91175,38.75434],[-85.91254,38.75267],[-85.91208,38.75144],[-85.91003,38.74962],[-85.90976,38.7482],[-85.91114,38.74735],[-85.91237,38.74747],[-85.91386,38.7496],[-85.91611,38.75187],[-85.91628,38.75398],[-85.91859,38.75418],[-85.91953,38.75055],[-85.91818,38.74884],[-85.91535,38.74676],[-85.91602,38.74573],[-85.91836,38.74626],[-85.92297,38.74827],[-85.92529,38.75062],[-85.928,38.75066],[-85.92862,38.75343],[-85.92718,38.7551],[-85.92751,38.75606],[-85.93245,38.75581],[-85.93403,38.7551],[-85.93651,38.75583],[-85.93803,38.75945],[-85.93756,38.7608],[-85.93607,38.76192],[-85.93686,38.76291],[-85.9387,38.76243],[-85.9413,38.76027],[-85.94344,38.76],[-85.94566,38.7584],[-85.94516,38.75586],[-85.94624,38.75419],[-85.94735,38.75375],[-85.9501,38.75384],[-85.95115,38.75476],[-85.95232,38.7573],[-85.95221,38.75881],[-85.95007,38.76055],[-85.95224,38.76142],[-85.95578,38.76116],[-85.95776,38.76137],[-85.95922,38.76224],[-85.96086,38.76418],[-85.96276,38.76364],[-85.96612,38.76118],[-85.96679,38.75965],[-85.96717,38.75615],[-85.96787,38.75512],[-85.97264,38.75416],[-85.97427,38.75285],[-85.97664,38.75239],[-85.97863,38.75317],[-85.98015,38.75489],[-85.98027,38.75619],[-85.97939,38.75786],[-85.98062,38.75905],[-85.98392,38.75749],[-85.98559,38.75825],[-85.98568,38.75942],[-85.98457,38.76239],[-85.98524,38.76386],[-85.98469,38.76548],[-85.98264,38.76622],[-85.98232,38.76713],[-85.98425,38.76812],[-85.98978,38.76731],[-85.99264,38.7674],[-85.99448,38.7666],[-85.99626,38.765],[-85.99679,38.76255],[-85.99778,38.7609],[-86.00088,38.76005],[-86.00366,38.76078],[-86.00647,38.75996],[-86.0096,38.75696],[-86.01094,38.75671],[-86.01489,38.75699],[-86.01679,38.75808],[-86.01743,38.76109],[-86.01527,38.76459],[-86.01553,38.76537],[-86.02041,38.76757],[-86.02208,38.76693],[-86.02374,38.764],[-86.02632,38.76134],[-86.02641,38.75869],[-86.02568,38.75699],[-86.02617,38.75576],[-86.02793,38.75617],[-86.03015,38.75855],[-86.03184,38.76132],[-86.03404,38.76173],[-86.0383,38.76089],[-86.04058,38.76089],[-86.04332,38.76245],[-86.04724,38.76668],[-86.04898,38.76965],[-86.05018,38.77083],[-86.05508,38.77313],[-86.05752,38.77446],[-86.06015,38.77709],[-86.06238,38.77833],[-86.06421,38.77864],[-86.06701,38.7781],[-86.06924,38.77695],[-86.07283,38.7745],[-86.07507,38.77473],[-86.07642,38.7766],[-86.08094,38.78051],[-86.08342,38.78135],[-86.08732,38.78205],[-86.09171,38.7834],[-86.09334,38.78346],[-86.09627,38.78244],[-86.09771,38.78108],[-86.1005,38.77584],[-86.10067,38.77374],[-86.09916,38.76893],[-86.10001,38.76732],[-86.10236,38.76575],[-86.10483,38.76577],[-86.10694,38.7671],[-86.10887,38.76713],[-86.11284,38.76621],[-86.11578,38.76698],[-86.1171,38.76685],[-86.12498,38.76411],[-86.12822,38.76376],[-86.13147,38.76379],[-86.13494,38.76243],[-86.13656,38.76354],[-86.14019,38.76543],[-86.14508,38.76693],[-86.15332,38.76878],[-86.15997,38.77258],[-86.16358,38.77483],[-86.1646,38.77509],[-86.16672,38.77344],[-86.16755,38.77262],[-86.17233,38.77284],[-86.17663,38.77486],[-86.17948,38.77748],[-86.18072,38.78094],[-86.18172,38.7824],[-86.1841,38.78359],[-86.18554,38.78292],[-86.18772,38.78093],[-86.1887,38.77944],[-86.1869,38.77749],[-86.18988,38.77663],[-86.19482,38.77709],[-86.19664,38.7783],[-86.19697,38.78075],[-86.20008,38.78237],[-86.20347,38.78257],[-86.2055,38.78181],[-86.20553,38.7799],[-86.20297,38.77802],[-86.20224,38.77595],[-86.19986,38.776],[-86.19742,38.77541],[-86.19708,38.77431],[-86.19765,38.77377],[-86.20381,38.77372],[-86.2053,38.77403],[-86.20764,38.77634],[-86.20784,38.77827],[-86.21009,38.77945],[-86.21316,38.77938],[-86.21495,38.77874],[-86.21537,38.7778],[-86.21421,38.77535],[-86.21431,38.77382],[-86.21655,38.77137],[-86.21874,38.77113],[-86.22032,38.7717],[-86.22088,38.77316],[-86.22018,38.77601],[-86.22079,38.77716],[-86.22407,38.77915],[-86.2266,38.77795],[-86.23221,38.77319],[-86.23714,38.7678],[-86.24082,38.76591],[-86.2432,38.76561],[-86.24475,38.76612],[-86.24723,38.76785],[-86.24901,38.76802],[-86.25121,38.76671],[-86.25344,38.76352],[-86.25579,38.76301],[-86.25713,38.7635],[-86.25774,38.76504],[-86.2549,38.76785],[-86.2541,38.77012],[-86.25547,38.77188],[-86.25712,38.77201],[-86.26263,38.76973],[-86.26316,38.76758],[-86.26303,38.76544],[-86.26405,38.76495],[-86.26692,38.76614],[-86.27252,38.76554],[-86.27528,38.7638],[-86.2754,38.77006],[-86.27599,38.8023],[-86.27706,38.85959],[-86.27733,38.87434],[-86.27735,38.8781],[-86.27803,38.90261],[-86.27845,38.90363],[-86.2791,38.94965],[-86.27923,38.95038],[-86.27944,38.96111],[-86.27953,38.96825],[-86.2796,38.97538],[-86.28039,38.99103],[-86.31747,38.99087],[-86.31738,39.00005],[-86.3178,39.00273],[-86.31813,39.04881]]]}},{"type":"Feature","properties":{"GEOID":"18073","NAME":"Jasper"},"geometry":{"type":"Polygon","coordinates":[[[-87.27651,40.96595],[-87.27627,40.96928],[-87.2764,40.97242],[-87.27628,40.98057],[-87.27603,40.98415],[-87.27611,40.99844],[-87.27609,41.01298],[-87.27592,41.07117],[-87.27592,41.08633],[-87.27574,41.1299],[-87.27573,41.14439],[-87.27566,41.16848],[-87.27568,41.17042],[-87.2757,41.17382],[-87.27571,41.18806],[-87.27576,41.19932],[-87.27588,41.2186],[-87.22637,41.23551],[-87.21886,41.24203],[-87.19896,41.25961],[-87.19252,41.26521],[-87.16061,41.27595],[-87.15959,41.2763],[-87.13134,41.28625],[-87.12212,41.28637],[-87.12012,41.28574],[-87.10229,41.28096],[-87.0732,41.27318],[-87.05972,41.26952],[-87.04484,41.2608],[-87.01103,41.24091],[-86.98404,41.2277],[-86.978,41.22216],[-86.97702,41.22155],[-86.96813,41.21966],[-86.96203,41.22255],[-86.95452,41.22528],[-86.94234,41.2285],[-86.93769,41.23021],[-86.93008,41.2368],[-86.92965,41.22971],[-86.93017,41.17232],[-86.93028,41.17181],[-86.93037,41.15832],[-86.93047,41.13684],[-86.93039,41.13638],[-86.93033,41.12888],[-86.9305,41.10003],[-86.93057,41.08551],[-86.93062,41.05631],[-86.93087,40.99791],[-86.93093,40.98458],[-86.93094,40.97728],[-86.93076,40.91242],[-86.98744,40.91218],[-86.98735,40.89621],[-86.98719,40.88173],[-86.98684,40.85236],[-86.98644,40.83792],[-87.00572,40.83791],[-87.09979,40.83761],[-87.09964,40.82304],[-87.09927,40.7801],[-87.09905,40.77475],[-87.09869,40.76558],[-87.09839,40.73654],[-87.17283,40.73671],[-87.21119,40.73667],[-87.2673,40.73658],[-87.26735,40.76562],[-87.26777,40.82234],[-87.26799,40.86589],[-87.26844,40.89479],[-87.26848,40.89639],[-87.26905,40.91152],[-87.27645,40.91148],[-87.27651,40.96595]]]}},{"type":"Feature","properties":{"GEOID":"18075","NAME":"Jay"},"geometry":{"type":"Polygon","coordinates":[[[-85.2199,40.37903],[-85.21855,40.37922],[-85.21633,40.37918],[-85.21235,40.37919],[-85.21152,40.37919],[-85.20683,40.37918],[-85.20687,40.3819],[-85.20686,40.38282],[-85.20689,40.39143],[-85.20669,40.39261],[-85.20657,40.39468],[-85.20651,40.47937],[-85.20086,40.4795],[-85.20068,40.48678],[-85.20071,40.50162],[-85.20107,40.51992],[-85.2014,40.52132],[-85.20118,40.52502],[-85.20131,40.55213],[-85.20115,40.56724],[-85.18339,40.56726],[-85.10692,40.56782],[-85.08765,40.56811],[-85.08541,40.56801],[-85.06848,40.56824],[-85.05909,40.56837],[-85.00695,40.56909],[-84.99997,40.56949],[-84.99214,40.56959],[-84.97303,40.57003],[-84.95909,40.57028],[-84.93487,40.57066],[-84.90944,40.57094],[-84.87773,40.57138],[-84.87303,40.57129],[-84.86612,40.57152],[-84.80248,40.57221],[-84.80256,40.55294],[-84.80267,40.52492],[-84.80277,40.50918],[-84.80281,40.50188],[-84.80312,40.48472],[-84.80345,40.46539],[-84.80369,40.44752],[-84.80408,40.41665],[-84.80413,40.41301],[-84.80409,40.40254],[-84.80409,40.40246],[-84.80407,40.397],[-84.80401,40.38141],[-84.8039,40.35276],[-84.8039,40.35272],[-84.80384,40.34356],[-84.80365,40.31214],[-84.80366,40.31009],[-84.90081,40.30941],[-84.91978,40.30941],[-85.01748,40.309],[-85.02703,40.30881],[-85.09334,40.30789],[-85.09353,40.30791],[-85.12999,40.30746],[-85.1953,40.30679],[-85.1961,40.3068],[-85.19713,40.30688],[-85.21876,40.30671],[-85.21892,40.31559],[-85.21901,40.32104],[-85.21969,40.35006],[-85.21973,40.36039],[-85.21983,40.3667],[-85.2199,40.37903]]]}},{"type":"Feature","properties":{"GEOID":"18077","NAME":"Jefferson"},"geometry":{"type":"Polygon","coordinates":[[[-85.68407,38.82387],[-85.67968,38.8241],[-85.64939,38.82404],[-85.64886,38.82402],[-85.64233,38.82412],[-85.64011,38.82414],[-85.63844,38.82418],[-85.6384,38.8176],[-85.62886,38.81758],[-85.62885,38.82414],[-85.6106,38.82425],[-85.61064,38.82758],[-85.611,38.85377],[-85.57378,38.85375],[-85.57381,38.88266],[-85.561,38.8828],[-85.55894,38.88298],[-85.55748,38.88282],[-85.53743,38.88278],[-85.5382,38.91222],[-85.53547,38.91228],[-85.46348,38.91294],[-85.45,38.91297],[-85.4449,38.913],[-85.41632,38.91311],[-85.36786,38.91352],[-85.36662,38.91343],[-85.35035,38.91367],[-85.29657,38.91384],[-85.24562,38.914],[-85.23438,38.91395],[-85.20317,38.9138],[-85.20285,38.84202],[-85.20285,38.84184],[-85.20284,38.83177],[-85.20312,38.82573],[-85.20359,38.81692],[-85.20354,38.79697],[-85.2031,38.77376],[-85.20297,38.77042],[-85.20189,38.70377],[-85.20145,38.69105],[-85.2045,38.69169],[-85.21326,38.69545],[-85.22112,38.70096],[-85.22623,38.70587],[-85.23509,38.718],[-85.24626,38.73153],[-85.2465,38.73182],[-85.24874,38.73289],[-85.25895,38.73777],[-85.2685,38.74016],[-85.27876,38.74164],[-85.28927,38.74236],[-85.2959,38.74202],[-85.30532,38.74155],[-85.33309,38.7362],[-85.33375,38.73607],[-85.3364,38.73493],[-85.33704,38.7348],[-85.34895,38.7323],[-85.36338,38.73067],[-85.36522,38.73047],[-85.36702,38.73101],[-85.36985,38.73071],[-85.3699,38.7307],[-85.37226,38.73045],[-85.38434,38.73289],[-85.39745,38.73555],[-85.39783,38.73562],[-85.41024,38.73714],[-85.41954,38.73551],[-85.42342,38.73383],[-85.42535,38.73298],[-85.4363,38.72848],[-85.44227,38.71985],[-85.44318,38.71894],[-85.45018,38.71193],[-85.45095,38.70888],[-85.45205,38.70834],[-85.45236,38.70819],[-85.45676,38.69225],[-85.45648,38.68507],[-85.45549,38.68209],[-85.45444,38.68091],[-85.44482,38.67008],[-85.43874,38.65932],[-85.43838,38.65552],[-85.43774,38.6489],[-85.43814,38.64583],[-85.43946,38.63581],[-85.43973,38.61149],[-85.43928,38.60741],[-85.4363,38.59839],[-85.43399,38.59479],[-85.42859,38.58635],[-85.44313,38.58601],[-85.47876,38.58618],[-85.4787,38.59243],[-85.49645,38.59222],[-85.49667,38.60674],[-85.56998,38.60616],[-85.57055,38.6498],[-85.57062,38.65856],[-85.57093,38.67845],[-85.60819,38.67874],[-85.60868,38.70786],[-85.64576,38.70802],[-85.64569,38.7152],[-85.64598,38.71796],[-85.64599,38.72609],[-85.64622,38.72986],[-85.66427,38.73002],[-85.66436,38.73689],[-85.68334,38.73673],[-85.68403,38.81275],[-85.68402,38.8129],[-85.68384,38.81541],[-85.68407,38.82387]]]}},{"type":"Feature","properties":{"GEOID":"18079","NAME":"Jennings"},"geometry":{"type":"Polygon","coordinates":[[[-85.79983,39.1289],[-85.77435,39.12915],[-85.77112,39.12918],[-85.76244,39.12926],[-85.76176,39.12946],[-85.74331,39.13031],[-85.68678,39.13086],[-85.66406,39.13111],[-85.65109,39.13148],[-85.64977,39.13147],[-85.6293,39.13173],[-85.62497,39.13142],[-85.60259,39.13197],[-85.57399,39.13234],[-85.56905,39.13251],[-85.56632,39.13276],[-85.55588,39.13787],[-85.51782,39.15704],[-85.49996,39.16591],[-85.49833,39.16696],[-85.46067,39.18532],[-85.44005,39.19562],[-85.4399,39.19076],[-85.44038,39.18746],[-85.44105,39.16173],[-85.44124,39.147],[-85.44187,39.08837],[-85.44277,39.08835],[-85.44314,39.07346],[-85.44336,39.06469],[-85.44351,39.05904],[-85.44371,39.04448],[-85.44405,39.00088],[-85.44466,39.00066],[-85.4449,38.913],[-85.45,38.91297],[-85.46348,38.91294],[-85.53547,38.91228],[-85.5382,38.91222],[-85.53743,38.88278],[-85.55748,38.88282],[-85.55894,38.88298],[-85.561,38.8828],[-85.57381,38.88266],[-85.57378,38.85375],[-85.611,38.85377],[-85.61064,38.82758],[-85.6106,38.82425],[-85.62885,38.82414],[-85.62886,38.81758],[-85.6384,38.8176],[-85.63844,38.82418],[-85.64011,38.82414],[-85.64233,38.82412],[-85.64886,38.82402],[-85.64939,38.82404],[-85.67968,38.8241],[-85.68407,38.82387],[-85.68384,38.81541],[-85.69103,38.81596],[-85.69466,38.81747],[-85.69724,38.81479],[-85.69899,38.81548],[-85.69853,38.81781],[-85.69999,38.81813],[-85.70326,38.81658],[-85.70575,38.8188],[-85.70663,38.82127],[-85.70572,38.8231],[-85.70619,38.8244],[-85.70906,38.82589],[-85.71026,38.82752],[-85.71263,38.82845],[-85.71552,38.82822],[-85.71915,38.82623],[-85.71821,38.82378],[-85.71918,38.82319],[-85.72319,38.82303],[-85.72655,38.82451],[-85.72676,38.82696],[-85.72919,38.82873],[-85.73105,38.83111],[-85.73319,38.83181],[-85.73475,38.83129],[-85.73536,38.82998],[-85.73469,38.82886],[-85.7315,38.82758],[-85.73062,38.82666],[-85.73085,38.8246],[-85.73486,38.82291],[-85.73691,38.8205],[-85.73993,38.81934],[-85.74328,38.81869],[-85.7451,38.81947],[-85.74451,38.82176],[-85.74596,38.82282],[-85.74747,38.82227],[-85.74831,38.81933],[-85.74767,38.81871],[-85.74703,38.81541],[-85.74952,38.8154],[-85.75127,38.82018],[-85.75302,38.82077],[-85.75504,38.82041],[-85.75829,38.81883],[-85.75718,38.81512],[-85.75987,38.81469],[-85.76201,38.81368],[-85.76344,38.81538],[-85.76821,38.81513],[-85.76915,38.81289],[-85.76921,38.81096],[-85.77105,38.80975],[-85.77266,38.80961],[-85.77406,38.8117],[-85.77582,38.81291],[-85.77947,38.81268],[-85.78123,38.81081],[-85.78255,38.80751],[-85.78342,38.80714],[-85.78922,38.80699],[-85.79115,38.80854],[-85.792,38.80763],[-85.79428,38.80827],[-85.79536,38.80751],[-85.79523,38.81237],[-85.7954,38.82347],[-85.79631,38.90245],[-85.79646,38.91102],[-85.79696,38.9401],[-85.79699,38.95252],[-85.79676,38.95384],[-85.79718,38.96124],[-85.79726,38.96976],[-85.79734,38.97493],[-85.79813,39.0277],[-85.7988,39.06854],[-85.79971,39.12745],[-85.79983,39.1289]]]}},{"type":"Feature","properties":{"GEOID":"18081","NAME":"Johnson"},"geometry":{"type":"Polygon","coordinates":[[[-86.2515,39.37122],[-86.25152,39.37959],[-86.25139,39.42044],[-86.25124,39.42137],[-86.2513,39.43005],[-86.25131,39.43059],[-86.25129,39.44558],[-86.25146,39.44926],[-86.25134,39.4649],[-86.25131,39.47391],[-86.25162,39.51667],[-86.25032,39.51669],[-86.25038,39.52404],[-86.2505,39.54597],[-86.25056,39.55718],[-86.25061,39.56617],[-86.25061,39.57618],[-86.25058,39.58772],[-86.25059,39.59105],[-86.25052,39.59377],[-86.25013,39.60405],[-86.24989,39.63365],[-86.24309,39.63373],[-86.23422,39.63385],[-86.20578,39.63425],[-86.20552,39.63425],[-86.19641,39.63439],[-86.18566,39.63459],[-86.18374,39.63461],[-86.17759,39.63474],[-86.17087,39.63486],[-86.16375,39.635],[-86.15839,39.6351],[-86.1457,39.63526],[-86.14126,39.63529],[-86.13948,39.63538],[-86.13942,39.63539],[-86.12808,39.63549],[-86.12686,39.63547],[-86.11714,39.63561],[-86.11123,39.63575],[-86.10971,39.63573],[-86.1063,39.63578],[-86.10152,39.63585],[-86.08273,39.63644],[-86.07421,39.63659],[-86.06371,39.63683],[-86.05893,39.63693],[-86.05416,39.63703],[-86.0447,39.63722],[-86.04464,39.63722],[-86.01879,39.63734],[-85.99018,39.63797],[-85.95208,39.63835],[-85.95234,39.63499],[-85.95252,39.60915],[-85.95247,39.60079],[-85.95183,39.55269],[-85.95192,39.53787],[-85.9517,39.52311],[-85.95139,39.52313],[-85.9508,39.49522],[-85.95152,39.45464],[-85.95122,39.45067],[-85.95094,39.43609],[-85.95255,39.43592],[-85.95276,39.41974],[-85.9528,39.3655],[-85.9527,39.36189],[-85.95242,39.35566],[-85.95238,39.35463],[-85.952,39.34737],[-85.9632,39.34705],[-85.96886,39.3469],[-85.97682,39.34675],[-85.97768,39.34662],[-85.97794,39.34662],[-85.98326,39.34667],[-85.98813,39.3467],[-85.99001,39.34659],[-85.99314,39.34654],[-86.01882,39.34581],[-86.02772,39.34561],[-86.0856,39.34419],[-86.09481,39.344],[-86.10276,39.34385],[-86.12319,39.34341],[-86.13957,39.34306],[-86.14424,39.34316],[-86.1621,39.34283],[-86.16271,39.34263],[-86.23434,39.34193],[-86.25168,39.34167],[-86.2515,39.37122]]]}},{"type":"Feature","properties":{"GEOID":"18083","NAME":"Knox"},"geometry":{"type":"Polygon","coordinates":[[[-87.75671,38.4603],[-87.75535,38.46396],[-87.75384,38.46584],[-87.74464,38.47727],[-87.74322,38.47767],[-87.73485,38.48002],[-87.73465,38.48008],[-87.71405,38.47988],[-87.68592,38.49184],[-87.67837,38.49844],[-87.67238,38.5074],[-87.66981,38.50718],[-87.6637,38.50293],[-87.65674,38.50176],[-87.65009,38.50461],[-87.64535,38.51016],[-87.64623,38.51509],[-87.65012,38.51755],[-87.65528,38.5208],[-87.65948,38.52671],[-87.66098,38.53214],[-87.66923,38.54174],[-87.67007,38.54524],[-87.66845,38.54774],[-87.66544,38.54995],[-87.65727,38.55328],[-87.6564,38.55363],[-87.6507,38.55624],[-87.65021,38.55842],[-87.65274,38.56446],[-87.65153,38.56817],[-87.65018,38.57006],[-87.64725,38.57147],[-87.64294,38.57228],[-87.63957,38.57416],[-87.63807,38.57783],[-87.63978,38.582],[-87.63995,38.58516],[-87.64021,38.5898],[-87.63778,38.59248],[-87.63763,38.59265],[-87.63482,38.59269],[-87.62816,38.5881],[-87.6229,38.5862],[-87.61451,38.58751],[-87.61196,38.58925],[-87.61091,38.59141],[-87.61135,38.59361],[-87.61346,38.59504],[-87.61944,38.59482],[-87.62414,38.59696],[-87.62729,38.6053],[-87.62735,38.60544],[-87.6266,38.60832],[-87.62053,38.61216],[-87.62035,38.61279],[-87.62276,38.61708],[-87.62179,38.6196],[-87.61615,38.62322],[-87.61574,38.62729],[-87.61892,38.63138],[-87.6209,38.63613],[-87.62012,38.63949],[-87.61732,38.64216],[-87.61148,38.64391],[-87.6079,38.64498],[-87.60582,38.64652],[-87.60295,38.65124],[-87.60286,38.65636],[-87.60018,38.66246],[-87.59725,38.66531],[-87.58768,38.66998],[-87.5794,38.67247],[-87.56439,38.67475],[-87.54554,38.67761],[-87.54005,38.67914],[-87.53541,38.68172],[-87.53534,38.68176],[-87.53123,38.68404],[-87.52871,38.68659],[-87.52204,38.69335],[-87.52113,38.69522],[-87.51904,38.69953],[-87.51919,38.70293],[-87.51952,38.71046],[-87.51671,38.71633],[-87.50852,38.72577],[-87.50583,38.73354],[-87.50534,38.73497],[-87.49652,38.73934],[-87.49624,38.74108],[-87.49608,38.74211],[-87.50332,38.74708],[-87.50401,38.74971],[-87.49895,38.75777],[-87.4977,38.76259],[-87.497,38.76531],[-87.49788,38.76748],[-87.49822,38.76831],[-87.50252,38.76917],[-87.50818,38.76731],[-87.51197,38.76754],[-87.51437,38.76917],[-87.51455,38.77182],[-87.5118,38.77356],[-87.5043,38.77385],[-87.49743,38.77744],[-87.4952,38.78198],[-87.4959,38.78543],[-87.50313,38.79287],[-87.50821,38.79572],[-87.5216,38.81301],[-87.52734,38.81812],[-87.52646,38.82054],[-87.52391,38.82228],[-87.52168,38.82658],[-87.52221,38.83048],[-87.52403,38.83291],[-87.5267,38.83858],[-87.52589,38.8488],[-87.52819,38.85169],[-87.53206,38.8525],[-87.53725,38.85359],[-87.55203,38.86032],[-87.55339,38.86241],[-87.55207,38.86451],[-87.54572,38.86303],[-87.54319,38.86421],[-87.54261,38.86664],[-87.54761,38.87252],[-87.54737,38.87561],[-87.5452,38.87673],[-87.53682,38.87741],[-87.53492,38.87887],[-87.53554,38.88155],[-87.53828,38.8858],[-87.54429,38.88895],[-87.54513,38.89147],[-87.54492,38.89345],[-87.54409,38.89509],[-87.54163,38.89638],[-87.53912,38.89612],[-87.53859,38.89553],[-87.53841,38.89258],[-87.53772,38.89093],[-87.5376,38.88955],[-87.53626,38.88743],[-87.5357,38.88721],[-87.53517,38.88793],[-87.53436,38.89038],[-87.53447,38.89234],[-87.5364,38.89456],[-87.53659,38.89557],[-87.53369,38.90096],[-87.53134,38.90179],[-87.52251,38.90239],[-87.44872,38.9023],[-87.44822,38.90231],[-87.42556,38.90202],[-87.39237,38.90183],[-87.37502,38.90175],[-87.37303,38.90198],[-87.35429,38.90164],[-87.33701,38.90179],[-87.31412,38.90173],[-87.31245,38.9018],[-87.27835,38.90166],[-87.24107,38.90159],[-87.24103,38.90787],[-87.24013,38.90786],[-87.17358,38.90762],[-87.12988,38.90731],[-87.12977,38.90468],[-87.10131,38.90402],[-87.09877,38.90397],[-87.09707,38.90333],[-87.09447,38.90326],[-87.09137,38.90159],[-87.09069,38.90029],[-87.09165,38.89754],[-87.09488,38.89677],[-87.09839,38.89715],[-87.10172,38.90083],[-87.10373,38.90113],[-87.10646,38.89957],[-87.10757,38.89726],[-87.1076,38.89553],[-87.11023,38.89394],[-87.11272,38.89398],[-87.11431,38.89508],[-87.11545,38.89783],[-87.11711,38.89898],[-87.12083,38.8989],[-87.12247,38.89768],[-87.12299,38.89572],[-87.12171,38.89388],[-87.11914,38.89238],[-87.11637,38.89211],[-87.11397,38.89063],[-87.11344,38.88826],[-87.11386,38.88766],[-87.11763,38.88682],[-87.12094,38.88838],[-87.12267,38.89032],[-87.1244,38.89102],[-87.1272,38.8907],[-87.12938,38.8891],[-87.13058,38.88614],[-87.12937,38.8838],[-87.12566,38.88335],[-87.12446,38.88086],[-87.12357,38.87772],[-87.1201,38.87477],[-87.11996,38.87328],[-87.1207,38.87163],[-87.12227,38.86997],[-87.12411,38.86944],[-87.126,38.86962],[-87.12772,38.87059],[-87.13056,38.87505],[-87.13272,38.87523],[-87.13435,38.87449],[-87.13584,38.87196],[-87.13351,38.86861],[-87.133,38.86733],[-87.13357,38.86533],[-87.13306,38.86383],[-87.13152,38.86276],[-87.12744,38.86275],[-87.12641,38.86008],[-87.12773,38.85869],[-87.12977,38.85838],[-87.13228,38.85933],[-87.13644,38.86241],[-87.14128,38.86467],[-87.14371,38.86736],[-87.1466,38.86729],[-87.14755,38.86584],[-87.14605,38.86359],[-87.14226,38.86196],[-87.14101,38.86028],[-87.14095,38.85809],[-87.14321,38.85495],[-87.14258,38.85226],[-87.13952,38.85024],[-87.13955,38.84954],[-87.14186,38.84796],[-87.14229,38.84709],[-87.14064,38.84578],[-87.14057,38.84351],[-87.1438,38.84142],[-87.14473,38.83954],[-87.14745,38.83857],[-87.14932,38.83838],[-87.15225,38.83999],[-87.15393,38.84258],[-87.15482,38.84319],[-87.16159,38.84501],[-87.16426,38.84454],[-87.16638,38.84535],[-87.16832,38.84669],[-87.17038,38.84694],[-87.17247,38.84541],[-87.17476,38.84479],[-87.17995,38.84536],[-87.18363,38.84744],[-87.18527,38.84663],[-87.18598,38.84456],[-87.1851,38.84343],[-87.18244,38.84232],[-87.17769,38.84247],[-87.17527,38.8416],[-87.17296,38.83898],[-87.17334,38.83688],[-87.17465,38.83601],[-87.17423,38.83491],[-87.17207,38.83316],[-87.17151,38.83109],[-87.17336,38.8294],[-87.17593,38.82937],[-87.17792,38.83022],[-87.17939,38.83224],[-87.18215,38.83418],[-87.18603,38.83458],[-87.18685,38.8338],[-87.18676,38.83172],[-87.18589,38.82978],[-87.18633,38.82671],[-87.18748,38.82552],[-87.18897,38.82556],[-87.19028,38.82751],[-87.19155,38.83089],[-87.19357,38.83157],[-87.19538,38.83132],[-87.19698,38.83017],[-87.19765,38.82827],[-87.19719,38.82656],[-87.19197,38.82478],[-87.19017,38.82376],[-87.18954,38.82017],[-87.19128,38.8184],[-87.19163,38.81542],[-87.19224,38.81469],[-87.19537,38.81539],[-87.19682,38.81904],[-87.19685,38.82151],[-87.19794,38.82432],[-87.19976,38.82554],[-87.20185,38.826],[-87.20367,38.8256],[-87.20521,38.82363],[-87.20534,38.8208],[-87.20305,38.81643],[-87.20308,38.81515],[-87.20448,38.81381],[-87.20816,38.81163],[-87.21048,38.80734],[-87.21265,38.8075],[-87.21327,38.80798],[-87.21171,38.81519],[-87.21115,38.81684],[-87.21099,38.8209],[-87.21244,38.82275],[-87.21422,38.82354],[-87.21605,38.82364],[-87.21873,38.82209],[-87.21862,38.81905],[-87.21527,38.81486],[-87.21528,38.81263],[-87.21593,38.81163],[-87.21768,38.81206],[-87.21987,38.81173],[-87.22194,38.81046],[-87.2229,38.80893],[-87.22446,38.80516],[-87.22592,38.80423],[-87.22854,38.80492],[-87.22872,38.80641],[-87.22799,38.80802],[-87.22639,38.81129],[-87.22674,38.81233],[-87.22829,38.81346],[-87.23203,38.81339],[-87.23494,38.81106],[-87.23717,38.8109],[-87.23882,38.81206],[-87.23873,38.81387],[-87.23788,38.81475],[-87.23397,38.81574],[-87.23389,38.81662],[-87.23583,38.81833],[-87.23894,38.81964],[-87.23991,38.81926],[-87.2423,38.81611],[-87.24335,38.8112],[-87.24441,38.80926],[-87.2466,38.8077],[-87.24591,38.80637],[-87.24229,38.80361],[-87.24089,38.80154],[-87.24092,38.80057],[-87.24273,38.79789],[-87.24171,38.79514],[-87.24022,38.78961],[-87.23978,38.78632],[-87.24046,38.78117],[-87.24286,38.77917],[-87.24425,38.77907],[-87.24666,38.77984],[-87.25319,38.7796],[-87.25555,38.7787],[-87.25696,38.77662],[-87.25693,38.77389],[-87.25766,38.77164],[-87.25779,38.7686],[-87.25589,38.76559],[-87.25285,38.76467],[-87.25001,38.76515],[-87.24813,38.76606],[-87.24588,38.76803],[-87.24315,38.76884],[-87.2397,38.76733],[-87.23919,38.76615],[-87.24254,38.76294],[-87.24422,38.76067],[-87.2446,38.75824],[-87.24408,38.7558],[-87.24296,38.75362],[-87.24154,38.75234],[-87.23915,38.75113],[-87.23905,38.74987],[-87.24065,38.74911],[-87.24387,38.75005],[-87.2448,38.75173],[-87.24622,38.75621],[-87.2479,38.75823],[-87.25115,38.75828],[-87.25296,38.75676],[-87.25246,38.75427],[-87.25002,38.75225],[-87.24482,38.74855],[-87.24513,38.74546],[-87.24302,38.74394],[-87.24048,38.74385],[-87.23855,38.74323],[-87.2381,38.74231],[-87.23872,38.74116],[-87.24129,38.74044],[-87.2435,38.74108],[-87.2455,38.74245],[-87.24691,38.74253],[-87.24895,38.7417],[-87.25041,38.74027],[-87.25133,38.73819],[-87.25448,38.73565],[-87.25534,38.73384],[-87.2551,38.73271],[-87.2528,38.73141],[-87.24948,38.73119],[-87.2478,38.73037],[-87.247,38.72889],[-87.24734,38.72687],[-87.24999,38.72561],[-87.25302,38.72703],[-87.25389,38.72991],[-87.25566,38.72944],[-87.25836,38.72989],[-87.25904,38.73127],[-87.25885,38.73341],[-87.26094,38.73385],[-87.26283,38.73031],[-87.26258,38.72946],[-87.26246,38.7289],[-87.26195,38.72736],[-87.2599,38.72442],[-87.25712,38.72178],[-87.25704,38.71886],[-87.25837,38.71745],[-87.26268,38.71565],[-87.26388,38.71427],[-87.26445,38.711],[-87.26839,38.70961],[-87.26963,38.70843],[-87.26953,38.70574],[-87.26706,38.70198],[-87.26701,38.70072],[-87.26983,38.69821],[-87.27262,38.69647],[-87.27917,38.69394],[-87.27911,38.69182],[-87.2751,38.68989],[-87.27158,38.68891],[-87.26744,38.68895],[-87.26289,38.68806],[-87.26109,38.68669],[-87.26145,38.68586],[-87.26401,38.6844],[-87.2683,38.68461],[-87.27246,38.68326],[-87.27342,38.68115],[-87.2726,38.67982],[-87.26822,38.67701],[-87.26386,38.67491],[-87.26236,38.67334],[-87.26114,38.6709],[-87.26156,38.66825],[-87.26059,38.66696],[-87.25698,38.66595],[-87.25714,38.66782],[-87.25497,38.67024],[-87.25414,38.67372],[-87.25233,38.67693],[-87.25003,38.67891],[-87.24677,38.67876],[-87.24585,38.67759],[-87.246,38.67462],[-87.24691,38.67327],[-87.25356,38.66704],[-87.25509,38.66601],[-87.25665,38.66365],[-87.25772,38.66351],[-87.25876,38.66144],[-87.25862,38.65974],[-87.25661,38.6571],[-87.2557,38.65522],[-87.25449,38.65428],[-87.25074,38.65436],[-87.24898,38.65653],[-87.24349,38.65911],[-87.24156,38.6606],[-87.23987,38.66066],[-87.23889,38.65964],[-87.23865,38.65784],[-87.23942,38.65565],[-87.24046,38.65435],[-87.24049,38.65181],[-87.23905,38.65017],[-87.23865,38.64838],[-87.23992,38.64735],[-87.2412,38.64756],[-87.24424,38.64934],[-87.24638,38.6515],[-87.24849,38.65289],[-87.24972,38.653],[-87.25193,38.65162],[-87.25223,38.64768],[-87.25176,38.64659],[-87.25001,38.64517],[-87.24602,38.64522],[-87.24351,38.64418],[-87.24243,38.64138],[-87.24207,38.63741],[-87.23928,38.63621],[-87.2365,38.63628],[-87.23588,38.63568],[-87.23652,38.63444],[-87.23896,38.63267],[-87.24063,38.63213],[-87.24314,38.63271],[-87.24816,38.63554],[-87.25001,38.63546],[-87.25238,38.63331],[-87.25296,38.63145],[-87.25204,38.6298],[-87.25043,38.6288],[-87.24896,38.6256],[-87.24571,38.62335],[-87.24175,38.61979],[-87.23858,38.6145],[-87.23882,38.61055],[-87.24069,38.60963],[-87.24436,38.61033],[-87.24666,38.61231],[-87.24783,38.61394],[-87.2505,38.61507],[-87.2535,38.61435],[-87.25481,38.61363],[-87.25527,38.61236],[-87.25208,38.60956],[-87.24693,38.60773],[-87.24538,38.60368],[-87.24044,38.60519],[-87.23932,38.60455],[-87.2394,38.60239],[-87.24104,38.60099],[-87.24414,38.60031],[-87.24711,38.60052],[-87.24859,38.59955],[-87.24868,38.59836],[-87.2451,38.59558],[-87.24528,38.59481],[-87.24907,38.59024],[-87.24938,38.58689],[-87.24906,38.58567],[-87.24729,38.58313],[-87.24614,38.58234],[-87.24263,38.58195],[-87.23846,38.58227],[-87.23757,38.58104],[-87.23751,38.57707],[-87.23783,38.57572],[-87.23967,38.57347],[-87.24178,38.57198],[-87.24338,38.57155],[-87.24604,38.5717],[-87.24777,38.57094],[-87.24759,38.56947],[-87.24188,38.56717],[-87.23912,38.56556],[-87.23726,38.56312],[-87.23807,38.56065],[-87.23922,38.56012],[-87.24215,38.55992],[-87.24719,38.56065],[-87.24833,38.55954],[-87.24823,38.55812],[-87.24667,38.557],[-87.24185,38.55553],[-87.23827,38.55353],[-87.23744,38.55239],[-87.23844,38.54991],[-87.24126,38.54816],[-87.2421,38.54493],[-87.24402,38.54401],[-87.24761,38.54356],[-87.24999,38.54201],[-87.25305,38.53825],[-87.25425,38.53614],[-87.25513,38.53305],[-87.25444,38.5293],[-87.25471,38.52779],[-87.25588,38.52658],[-87.26368,38.52354],[-87.26917,38.52265],[-87.27258,38.5214],[-87.27655,38.51917],[-87.28078,38.51695],[-87.28384,38.51482],[-87.28611,38.51278],[-87.28789,38.51184],[-87.29174,38.51106],[-87.30123,38.51026],[-87.3023,38.51043],[-87.30534,38.51406],[-87.30643,38.51749],[-87.30927,38.51994],[-87.31207,38.52115],[-87.31464,38.52141],[-87.31636,38.52155],[-87.31819,38.52199],[-87.32396,38.52404],[-87.3289,38.52669],[-87.33735,38.53148],[-87.34229,38.53483],[-87.34909,38.54033],[-87.35091,38.5416],[-87.35505,38.54353],[-87.36023,38.54413],[-87.36616,38.54335],[-87.36853,38.54163],[-87.36993,38.53923],[-87.3701,38.53803],[-87.36927,38.53457],[-87.36833,38.5328],[-87.36214,38.52594],[-87.36142,38.52306],[-87.36223,38.51989],[-87.36432,38.51601],[-87.3676,38.51294],[-87.36967,38.51215],[-87.37255,38.51216],[-87.37745,38.51386],[-87.3799,38.51579],[-87.38139,38.51786],[-87.38195,38.52034],[-87.3817,38.5223],[-87.38008,38.52931],[-87.37971,38.53188],[-87.38064,38.535],[-87.38381,38.53777],[-87.3856,38.53842],[-87.38938,38.53891],[-87.394,38.53867],[-87.39739,38.53963],[-87.39872,38.54044],[-87.40325,38.5414],[-87.40621,38.54044],[-87.40768,38.53954],[-87.40901,38.53773],[-87.4091,38.53586],[-87.40847,38.53128],[-87.40901,38.52858],[-87.40987,38.52715],[-87.41128,38.52654],[-87.4159,38.52677],[-87.42028,38.52889],[-87.42174,38.53046],[-87.42278,38.53293],[-87.42233,38.53728],[-87.42287,38.53961],[-87.42601,38.54057],[-87.42872,38.53998],[-87.43184,38.53835],[-87.43239,38.53759],[-87.43212,38.53052],[-87.43394,38.52892],[-87.43599,38.52837],[-87.43931,38.52879],[-87.44511,38.53238],[-87.4456,38.53261],[-87.45105,38.53249],[-87.46289,38.53352],[-87.46618,38.53289],[-87.46869,38.53192],[-87.46975,38.52907],[-87.46857,38.52611],[-87.46814,38.52338],[-87.46842,38.52174],[-87.46998,38.52039],[-87.47212,38.5222],[-87.47374,38.52551],[-87.4761,38.52801],[-87.47721,38.52834],[-87.47916,38.52748],[-87.47969,38.52535],[-87.47862,38.52387],[-87.47203,38.51958],[-87.47369,38.51639],[-87.4738,38.51278],[-87.47758,38.51048],[-87.48101,38.50901],[-87.48687,38.50778],[-87.48945,38.50673],[-87.49175,38.50529],[-87.49436,38.50196],[-87.49451,38.50056],[-87.4929,38.49758],[-87.49317,38.49553],[-87.49579,38.49415],[-87.49739,38.49421],[-87.50229,38.49607],[-87.50432,38.4972],[-87.50905,38.50109],[-87.51372,38.50342],[-87.51614,38.50381],[-87.52061,38.50358],[-87.52311,38.50239],[-87.52624,38.49951],[-87.52763,38.4987],[-87.53043,38.49841],[-87.53149,38.49886],[-87.53327,38.50098],[-87.53298,38.50379],[-87.53225,38.50607],[-87.5296,38.51013],[-87.5293,38.51277],[-87.53069,38.51521],[-87.53383,38.51723],[-87.53678,38.51845],[-87.53995,38.51866],[-87.54522,38.51735],[-87.54683,38.51652],[-87.54848,38.51448],[-87.54946,38.51165],[-87.54717,38.5085],[-87.54522,38.50275],[-87.54315,38.49981],[-87.54185,38.49869],[-87.54014,38.49511],[-87.54018,38.49282],[-87.54106,38.49204],[-87.54411,38.49104],[-87.54882,38.4903],[-87.55816,38.48986],[-87.55997,38.48991],[-87.56399,38.49083],[-87.56678,38.49107],[-87.57002,38.49058],[-87.5739,38.4912],[-87.57675,38.49279],[-87.57787,38.49413],[-87.57953,38.49846],[-87.58072,38.50002],[-87.5825,38.49985],[-87.58589,38.49778],[-87.58678,38.49651],[-87.58727,38.49428],[-87.58698,38.49235],[-87.58502,38.48862],[-87.58092,38.48603],[-87.57988,38.48438],[-87.5853,38.47676],[-87.58891,38.47056],[-87.58961,38.46844],[-87.58979,38.46402],[-87.59019,38.46246],[-87.59365,38.45772],[-87.59647,38.45322],[-87.59965,38.4506],[-87.60668,38.44757],[-87.60965,38.44678],[-87.6146,38.44681],[-87.61728,38.44766],[-87.62145,38.44969],[-87.62527,38.44955],[-87.62892,38.44811],[-87.63045,38.44635],[-87.63204,38.44292],[-87.63524,38.44223],[-87.63665,38.44318],[-87.63853,38.44696],[-87.63827,38.44887],[-87.63725,38.45155],[-87.63742,38.45368],[-87.63927,38.45552],[-87.64172,38.45606],[-87.64529,38.45504],[-87.6469,38.4537],[-87.64906,38.45077],[-87.65207,38.44916],[-87.65426,38.44962],[-87.65567,38.45125],[-87.65538,38.45305],[-87.65078,38.45596],[-87.65126,38.4579],[-87.65332,38.45872],[-87.65681,38.45865],[-87.66036,38.45628],[-87.66194,38.45431],[-87.66315,38.45086],[-87.66413,38.44922],[-87.66696,38.44801],[-87.67205,38.44737],[-87.67348,38.44647],[-87.67292,38.44259],[-87.6715,38.44044],[-87.66835,38.43949],[-87.66456,38.43878],[-87.66276,38.43773],[-87.6617,38.43568],[-87.66232,38.43224],[-87.66416,38.43087],[-87.66904,38.4307],[-87.67251,38.42901],[-87.67423,38.4289],[-87.67779,38.42998],[-87.67895,38.43113],[-87.68085,38.43176],[-87.69202,38.42785],[-87.695,38.42592],[-87.69812,38.42308],[-87.70012,38.42186],[-87.70422,38.42017],[-87.70865,38.41866],[-87.71552,38.41709],[-87.72185,38.41639],[-87.72798,38.41658],[-87.73451,38.41703],[-87.73886,38.41607],[-87.74369,38.41439],[-87.74349,38.41732],[-87.74283,38.42733],[-87.73977,38.43798],[-87.7307,38.44291],[-87.73037,38.44788],[-87.73197,38.45078],[-87.74053,38.45472],[-87.7508,38.4542],[-87.75593,38.45588],[-87.75671,38.4603]]]}},{"type":"Feature","properties":{"GEOID":"18085","NAME":"Kosciusko"},"geometry":{"type":"Polygon","coordinates":[[[-86.07755,41.17287],[-86.05405,41.17315],[-86.05466,41.20215],[-86.05515,41.22489],[-86.05595,41.25003],[-86.05655,41.27434],[-86.05657,41.27518],[-86.05664,41.27801],[-86.0567,41.28035],[-86.05673,41.28164],[-86.0575,41.3143],[-86.05835,41.34668],[-86.05855,41.37564],[-86.05867,41.39009],[-86.05902,41.43515],[-86.05923,41.43581],[-86.03029,41.43563],[-86.01103,41.43551],[-86.00143,41.43542],[-85.99166,41.43541],[-85.98209,41.4354],[-85.97274,41.43549],[-85.9724,41.43549],[-85.96305,41.43553],[-85.93443,41.43568],[-85.90562,41.43557],[-85.89855,41.43574],[-85.88582,41.43564],[-85.85593,41.43518],[-85.85163,41.43494],[-85.84593,41.43516],[-85.8427,41.43502],[-85.78853,41.43544],[-85.76871,41.43574],[-85.76313,41.43574],[-85.76044,41.43583],[-85.76013,41.43586],[-85.74417,41.43609],[-85.70167,41.43656],[-85.65351,41.43686],[-85.65358,41.41645],[-85.65355,41.41279],[-85.65352,41.40739],[-85.65347,41.39471],[-85.65332,41.36541],[-85.65325,41.36079],[-85.65323,41.35119],[-85.65309,41.34559],[-85.65211,41.302],[-85.65193,41.29478],[-85.65173,41.28759],[-85.6512,41.26577],[-85.65191,41.21413],[-85.65207,41.2075],[-85.65256,41.18611],[-85.65272,41.17849],[-85.67173,41.17857],[-85.68391,41.17834],[-85.68657,41.17838],[-85.68642,41.16125],[-85.68603,41.11793],[-85.68512,41.07568],[-85.68418,41.04672],[-85.7002,41.04568],[-85.7326,41.04514],[-85.73565,41.04494],[-85.74839,41.04483],[-85.79581,41.04359],[-85.87225,41.04305],[-85.90748,41.04293],[-85.92633,41.04258],[-85.94556,41.04288],[-85.98416,41.04217],[-85.99082,41.04211],[-86.00303,41.0425],[-86.0085,41.04215],[-86.01261,41.04221],[-86.01594,41.04201],[-86.01866,41.04188],[-86.01859,41.04998],[-86.01841,41.08612],[-86.05667,41.08526],[-86.07594,41.08488],[-86.07631,41.11403],[-86.07755,41.17287]]]}},{"type":"Feature","properties":{"GEOID":"18087","NAME":"LaGrange"},"geometry":{"type":"Polygon","coordinates":[[[-85.65975,41.7591],[-85.65074,41.7591],[-85.64768,41.75912],[-85.63271,41.75916],[-85.62499,41.75909],[-85.62261,41.75905],[-85.62224,41.75905],[-85.60831,41.75919],[-85.60755,41.75908],[-85.52576,41.75948],[-85.51845,41.75951],[-85.51825,41.75951],[-85.516,41.75936],[-85.51596,41.75935],[-85.48664,41.75947],[-85.43247,41.75968],[-85.42755,41.75971],[-85.42561,41.75971],[-85.42061,41.75973],[-85.40875,41.75977],[-85.40875,41.75977],[-85.37913,41.75988],[-85.36831,41.75989],[-85.35502,41.7599],[-85.35017,41.75991],[-85.33062,41.75998],[-85.31813,41.75998],[-85.30814,41.7601],[-85.29837,41.76003],[-85.29218,41.75996],[-85.2921,41.75996],[-85.27371,41.75977],[-85.27295,41.75991],[-85.27222,41.76],[-85.23283,41.75984],[-85.19677,41.75974],[-85.19632,41.73657],[-85.19627,41.7339],[-85.19627,41.73208],[-85.19595,41.73153],[-85.19582,41.72731],[-85.19586,41.72207],[-85.19574,41.71484],[-85.19576,41.70025],[-85.19485,41.64231],[-85.1947,41.62737],[-85.19446,41.6128],[-85.19424,41.5995],[-85.19423,41.59935],[-85.19429,41.59356],[-85.19428,41.58824],[-85.19446,41.57991],[-85.19425,41.57756],[-85.19393,41.54758],[-85.19408,41.52644],[-85.25705,41.52641],[-85.27151,41.52634],[-85.30846,41.5262],[-85.31731,41.52616],[-85.31767,41.52616],[-85.35685,41.52607],[-85.35724,41.52607],[-85.376,41.5259],[-85.37651,41.52589],[-85.39296,41.52583],[-85.4235,41.5256],[-85.43797,41.52557],[-85.46777,41.5254],[-85.48141,41.52536],[-85.51994,41.52498],[-85.53916,41.52481],[-85.55841,41.5247],[-85.57797,41.52446],[-85.57892,41.52446],[-85.5792,41.52443],[-85.65475,41.52335],[-85.6553,41.55246],[-85.65591,41.58152],[-85.65672,41.61054],[-85.65758,41.65395],[-85.65804,41.67568],[-85.65795,41.67646],[-85.65861,41.6969],[-85.65877,41.70401],[-85.65975,41.7591]]]}},{"type":"Feature","properties":{"GEOID":"18091","NAME":"LaPorte"},"geometry":{"type":"Polygon","coordinates":[[[-86.93272,41.70952],[-86.92274,41.71272],[-86.92219,41.71395],[-86.92184,41.71475],[-86.91639,41.71639],[-86.91334,41.72256],[-86.91062,41.72435],[-86.91027,41.72496],[-86.90913,41.72694],[-86.89074,41.73212],[-86.87545,41.73793],[-86.87543,41.73794],[-86.85856,41.74537],[-86.85812,41.74557],[-86.84453,41.75156],[-86.83756,41.75463],[-86.82483,41.76024],[-86.82428,41.76024],[-86.82363,41.76024],[-86.81607,41.76024],[-86.81059,41.76024],[-86.8045,41.76024],[-86.80443,41.76024],[-86.80158,41.76024],[-86.80071,41.76024],[-86.80061,41.76025],[-86.80046,41.76025],[-86.78018,41.76014],[-86.7481,41.75997],[-86.74652,41.75998],[-86.74617,41.75998],[-86.7223,41.7599],[-86.69968,41.75983],[-86.66875,41.75972],[-86.64136,41.75963],[-86.64119,41.75963],[-86.64004,41.75967],[-86.58325,41.75957],[-86.5724,41.75955],[-86.52422,41.75946],[-86.52446,41.74217],[-86.52472,41.72341],[-86.52499,41.70925],[-86.52503,41.70828],[-86.52504,41.70812],[-86.52525,41.70362],[-86.52531,41.70187],[-86.52541,41.69458],[-86.52564,41.68723],[-86.52601,41.6723],[-86.52668,41.65044],[-86.48757,41.64932],[-86.48699,41.64171],[-86.48646,41.61639],[-86.48661,41.60702],[-86.48655,41.59954],[-86.48645,41.59631],[-86.48638,41.59586],[-86.48648,41.58872],[-86.48643,41.57055],[-86.49512,41.56342],[-86.49816,41.56108],[-86.49838,41.54842],[-86.49814,41.53141],[-86.5003,41.52822],[-86.50029,41.52101],[-86.50227,41.51983],[-86.50361,41.51953],[-86.52115,41.51991],[-86.52494,41.51967],[-86.52515,41.48952],[-86.52473,41.48902],[-86.52471,41.47665],[-86.52471,41.43289],[-86.5823,41.43274],[-86.64254,41.43264],[-86.67115,41.41378],[-86.68109,41.41199],[-86.69667,41.40453],[-86.69998,41.40265],[-86.70142,41.40043],[-86.70535,41.39249],[-86.70591,41.39085],[-86.70724,41.38271],[-86.70772,41.38099],[-86.71175,41.37535],[-86.7136,41.37288],[-86.71941,41.36696],[-86.72083,41.36525],[-86.72348,41.36101],[-86.72378,41.36036],[-86.72449,41.35257],[-86.72727,41.34784],[-86.72864,41.34609],[-86.73478,41.33882],[-86.73716,41.33337],[-86.73743,41.32595],[-86.73999,41.32171],[-86.74631,41.317],[-86.74867,41.31525],[-86.76134,41.30762],[-86.78347,41.28547],[-86.81465,41.2735],[-86.82185,41.27222],[-86.82367,41.27207],[-86.82849,41.27113],[-86.83926,41.27202],[-86.84155,41.27066],[-86.8439,41.26852],[-86.84695,41.26734],[-86.84881,41.26679],[-86.85522,41.26584],[-86.86042,41.26564],[-86.87027,41.26455],[-86.87329,41.26327],[-86.877,41.26019],[-86.88586,41.25765],[-86.89095,41.25637],[-86.89311,41.25532],[-86.89724,41.25462],[-86.90842,41.24913],[-86.91532,41.24592],[-86.92054,41.24503],[-86.93008,41.2368],[-86.92957,41.24885],[-86.92986,41.25942],[-86.93057,41.32797],[-86.9306,41.32809],[-86.93066,41.34691],[-86.93022,41.41248],[-86.93017,41.43427],[-86.93017,41.43619],[-86.93006,41.44969],[-86.92936,41.46311],[-86.92977,41.51902],[-86.93012,41.53162],[-86.92987,41.53606],[-86.93071,41.54639],[-86.93113,41.56776],[-86.9315,41.58536],[-86.93163,41.59152],[-86.93201,41.60697],[-86.93197,41.60704],[-86.93227,41.61729],[-86.93231,41.65138],[-86.93235,41.65846],[-86.93243,41.68063],[-86.93239,41.68827],[-86.93241,41.68842],[-86.93248,41.69494],[-86.93264,41.70469],[-86.93272,41.70952]]]}},{"type":"Feature","properties":{"GEOID":"18089","NAME":"Lake"},"geometry":{"type":"Polygon","coordinates":[[[-87.52673,41.29818],[-87.52652,41.34159],[-87.52649,41.34837],[-87.52648,41.35089],[-87.52623,41.38529],[-87.52613,41.39933],[-87.52608,41.40552],[-87.52593,41.42618],[-87.52592,41.427],[-87.52586,41.43559],[-87.52586,41.43559],[-87.52578,41.44577],[-87.52576,41.4537],[-87.52573,41.46227],[-87.52572,41.4646],[-87.52571,41.47028],[-87.52568,41.47182],[-87.52564,41.47549],[-87.52558,41.47935],[-87.52554,41.48281],[-87.52556,41.49463],[-87.52556,41.49463],[-87.52557,41.49888],[-87.52559,41.50854],[-87.52561,41.51744],[-87.52558,41.52265],[-87.52556,41.52474],[-87.52554,41.52834],[-87.52541,41.54748],[-87.52541,41.54782],[-87.5254,41.54867],[-87.5254,41.549],[-87.52539,41.55029],[-87.52535,41.55678],[-87.52534,41.55754],[-87.52533,41.55885],[-87.52534,41.56347],[-87.52535,41.57009],[-87.52535,41.57028],[-87.52537,41.57711],[-87.52537,41.57713],[-87.52537,41.57855],[-87.52538,41.58136],[-87.52538,41.58138],[-87.52539,41.58564],[-87.52537,41.58744],[-87.52533,41.59198],[-87.52531,41.59435],[-87.52526,41.60075],[-87.52526,41.60106],[-87.5252,41.6077],[-87.52518,41.60946],[-87.52517,41.6112],[-87.52516,41.61383],[-87.52515,41.61552],[-87.52514,41.61916],[-87.52512,41.62261],[-87.52512,41.62305],[-87.52511,41.62594],[-87.52509,41.63021],[-87.52508,41.63299],[-87.52507,41.63547],[-87.52505,41.63928],[-87.52501,41.64464],[-87.52498,41.65012],[-87.52498,41.65023],[-87.52485,41.66988],[-87.52463,41.6918],[-87.52456,41.69904],[-87.52454,41.70087],[-87.52445,41.70268],[-87.52416,41.70831],[-87.52131,41.71003],[-87.51495,41.70456],[-87.5171,41.70296],[-87.51615,41.70152],[-87.51115,41.69752],[-87.51086,41.69614],[-87.508,41.69411],[-87.50794,41.69416],[-87.50653,41.69544],[-87.50538,41.69466],[-87.50394,41.69369],[-87.50419,41.69232],[-87.50451,41.69157],[-87.50028,41.6892],[-87.49842,41.68816],[-87.49094,41.68491],[-87.48889,41.68442],[-87.48511,41.68359],[-87.48505,41.68354],[-87.48403,41.68267],[-87.48538,41.68123],[-87.48256,41.67944],[-87.47992,41.67881],[-87.47875,41.67979],[-87.4758,41.67786],[-87.47549,41.67704],[-87.47631,41.67523],[-87.47074,41.67283],[-87.46801,41.67243],[-87.46418,41.67688],[-87.46265,41.67818],[-87.46222,41.67838],[-87.44991,41.68418],[-87.4468,41.68321],[-87.44256,41.67251],[-87.44277,41.66783],[-87.44156,41.667],[-87.43803,41.66456],[-87.43364,41.66814],[-87.43627,41.67131],[-87.43934,41.68013],[-87.42488,41.69007],[-87.41582,41.68818],[-87.41087,41.68399],[-87.40793,41.68027],[-87.41449,41.67575],[-87.40874,41.67028],[-87.42115,41.65952],[-87.43235,41.65644],[-87.4338,41.65605],[-87.43703,41.65516],[-87.4371,41.65443],[-87.43715,41.654],[-87.43642,41.65382],[-87.43517,41.6535],[-87.43311,41.64904],[-87.4331,41.64901],[-87.42984,41.64603],[-87.42814,41.64509],[-87.42083,41.64105],[-87.42077,41.64101],[-87.41855,41.64187],[-87.41672,41.6409],[-87.41154,41.6437],[-87.41033,41.64252],[-87.40839,41.64264],[-87.40582,41.64163],[-87.4057,41.64159],[-87.40169,41.63932],[-87.40155,41.63928],[-87.39477,41.6373],[-87.39454,41.63723],[-87.36886,41.63004],[-87.36703,41.62963],[-87.36286,41.62869],[-87.36189,41.62855],[-87.35779,41.62799],[-87.3474,41.62658],[-87.32791,41.62494],[-87.32561,41.62461],[-87.31865,41.62361],[-87.31857,41.62118],[-87.31211,41.62069],[-87.31105,41.62209],[-87.30598,41.62228],[-87.30443,41.61949],[-87.29902,41.61909],[-87.29777,41.62327],[-87.29349,41.62368],[-87.29071,41.62299],[-87.28897,41.62246],[-87.28881,41.62128],[-87.28876,41.62085],[-87.2784,41.62017],[-87.27808,41.62015],[-87.26163,41.62052],[-87.26148,41.62054],[-87.25397,41.62124],[-87.22264,41.62417],[-87.22257,41.61721],[-87.22249,41.61035],[-87.22252,41.60981],[-87.22226,41.59412],[-87.22222,41.59403],[-87.22216,41.5894],[-87.22206,41.57986],[-87.22196,41.57438],[-87.22184,41.56954],[-87.22178,41.56506],[-87.22169,41.56144],[-87.2214,41.55064],[-87.22113,41.53944],[-87.22105,41.53611],[-87.22074,41.52493],[-87.22063,41.52161],[-87.22019,41.50705],[-87.22002,41.48514],[-87.22002,41.48498],[-87.21995,41.4707],[-87.21962,41.4346],[-87.2196,41.42017],[-87.21976,41.41949],[-87.21981,41.41161],[-87.21992,41.3965],[-87.21975,41.39458],[-87.21969,41.39099],[-87.21966,41.38368],[-87.21976,41.34732],[-87.22025,41.34699],[-87.22027,41.33429],[-87.22027,41.33361],[-87.22027,41.33333],[-87.21962,41.30405],[-87.21881,41.26102],[-87.2191,41.25977],[-87.21903,41.24289],[-87.21886,41.24203],[-87.22637,41.23551],[-87.27588,41.2186],[-87.28573,41.2152],[-87.29493,41.20842],[-87.29848,41.20542],[-87.3246,41.1862],[-87.33146,41.18299],[-87.33314,41.18286],[-87.34626,41.18236],[-87.34658,41.1823],[-87.35379,41.17997],[-87.36389,41.17677],[-87.36977,41.17549],[-87.38098,41.17251],[-87.39057,41.16518],[-87.3938,41.16281],[-87.41434,41.16223],[-87.42112,41.16547],[-87.42421,41.16649],[-87.42945,41.16828],[-87.44178,41.17321],[-87.4453,41.17424],[-87.4459,41.17429],[-87.4483,41.17421],[-87.45799,41.17059],[-87.48477,41.16989],[-87.52532,41.16625],[-87.52659,41.16609],[-87.52659,41.16621],[-87.52662,41.19448],[-87.52663,41.20914],[-87.52671,41.28297],[-87.52673,41.29805],[-87.52673,41.29818]]]}},{"type":"Feature","properties":{"GEOID":"18093","NAME":"Lawrence"},"geometry":{"type":"Polygon","coordinates":[[[-86.68351,38.76196],[-86.68358,38.76739],[-86.6834,38.77285],[-86.68321,38.84691],[-86.68325,38.85323],[-86.68299,38.85761],[-86.68323,38.86124],[-86.68291,38.89645],[-86.68285,38.9047],[-86.68228,38.9924],[-86.60814,38.99206],[-86.60658,38.99214],[-86.59572,38.99201],[-86.58789,38.99221],[-86.57355,38.99215],[-86.56867,38.99213],[-86.54801,38.99203],[-86.54444,38.99175],[-86.5375,38.99184],[-86.5372,38.99182],[-86.53048,38.99171],[-86.52361,38.992],[-86.48826,38.99192],[-86.4799,38.99182],[-86.46153,38.99167],[-86.45113,38.99148],[-86.44883,38.99151],[-86.37499,38.9907],[-86.36751,38.99088],[-86.31747,38.99087],[-86.28039,38.99103],[-86.2796,38.97538],[-86.27953,38.96825],[-86.27944,38.96111],[-86.27923,38.95038],[-86.2791,38.94965],[-86.27845,38.90363],[-86.27803,38.90261],[-86.27735,38.8781],[-86.27733,38.87434],[-86.27706,38.85959],[-86.27599,38.8023],[-86.2754,38.77006],[-86.27528,38.7638],[-86.27748,38.76299],[-86.27966,38.76307],[-86.28282,38.76631],[-86.28463,38.76508],[-86.284,38.76328],[-86.28204,38.76112],[-86.28309,38.75884],[-86.28656,38.75509],[-86.28804,38.7514],[-86.28798,38.74783],[-86.29156,38.74254],[-86.2906,38.73862],[-86.2904,38.73632],[-86.29206,38.7351],[-86.29476,38.73569],[-86.29799,38.73518],[-86.30026,38.73367],[-86.30075,38.73221],[-86.29972,38.72971],[-86.30193,38.73042],[-86.30282,38.73332],[-86.30223,38.73582],[-86.30829,38.73414],[-86.31006,38.73313],[-86.30956,38.73067],[-86.30908,38.70255],[-86.3087,38.6881],[-86.34579,38.68852],[-86.34602,38.68848],[-86.37824,38.68801],[-86.38332,38.68784],[-86.40181,38.68768],[-86.45556,38.68752],[-86.46002,38.68758],[-86.46006,38.68865],[-86.49738,38.68818],[-86.49999,38.68799],[-86.51657,38.68782],[-86.54604,38.68751],[-86.5534,38.68744],[-86.59065,38.68709],[-86.59098,38.68711],[-86.62407,38.68686],[-86.625,38.68708],[-86.6831,38.68656],[-86.68337,38.72181],[-86.68326,38.73005],[-86.68341,38.75362],[-86.6834,38.75618],[-86.68386,38.7616],[-86.68351,38.76196]]]}},{"type":"Feature","properties":{"GEOID":"18095","NAME":"Madison"},"geometry":{"type":"Polygon","coordinates":[[[-85.86358,40.133],[-85.86286,40.13611],[-85.86284,40.14256],[-85.86283,40.14727],[-85.86282,40.16255],[-85.86273,40.19225],[-85.86248,40.21218],[-85.8619,40.21894],[-85.86116,40.22531],[-85.86092,40.26244],[-85.86079,40.27333],[-85.86076,40.2751],[-85.86073,40.27695],[-85.8607,40.27832],[-85.8607,40.27834],[-85.86062,40.28177],[-85.86039,40.29145],[-85.86024,40.3057],[-85.86126,40.3057],[-85.86159,40.33474],[-85.8623,40.37837],[-85.78619,40.37892],[-85.7659,40.37903],[-85.72797,40.37878],[-85.71998,40.37856],[-85.70895,40.37856],[-85.69015,40.37848],[-85.68063,40.37889],[-85.67164,40.37951],[-85.67164,40.37936],[-85.57859,40.37952],[-85.57862,40.37931],[-85.57891,40.37255],[-85.57758,40.3283],[-85.57702,40.30638],[-85.5767,40.29174],[-85.57651,40.27724],[-85.57639,40.25582],[-85.57587,40.24818],[-85.57562,40.21892],[-85.57568,40.17904],[-85.57573,40.1717],[-85.57598,40.1496],[-85.5759,40.14224],[-85.57588,40.13489],[-85.57598,40.11968],[-85.57598,40.11949],[-85.57601,40.11528],[-85.57601,40.11503],[-85.57605,40.11193],[-85.57605,40.11041],[-85.57609,40.10667],[-85.57614,40.09203],[-85.5762,40.07714],[-85.57628,40.06256],[-85.57641,40.04784],[-85.57613,40.04771],[-85.57607,40.00465],[-85.57636,39.9901],[-85.57636,39.96982],[-85.57635,39.94668],[-85.57619,39.94576],[-85.67312,39.94554],[-85.67379,39.94564],[-85.68764,39.94552],[-85.69235,39.94545],[-85.78665,39.94468],[-85.80571,39.94457],[-85.81042,39.94445],[-85.81517,39.94433],[-85.81986,39.94429],[-85.82403,39.94425],[-85.82818,39.94414],[-85.83761,39.94403],[-85.85423,39.94373],[-85.86249,39.94362],[-85.86238,39.95546],[-85.86238,39.95557],[-85.86186,39.95846],[-85.86208,39.96546],[-85.86212,39.97306],[-85.86225,39.98469],[-85.86226,39.99203],[-85.86226,39.99214],[-85.86224,39.99502],[-85.86224,40.00229],[-85.8624,40.03156],[-85.86286,40.04529],[-85.86298,40.05995],[-85.86301,40.06504],[-85.86301,40.06621],[-85.86306,40.06908],[-85.86294,40.06914],[-85.86302,40.06921],[-85.86304,40.06944],[-85.86305,40.07038],[-85.86307,40.07138],[-85.86307,40.07203],[-85.86305,40.07456],[-85.86328,40.10386],[-85.86358,40.133]]]}},{"type":"Feature","properties":{"GEOID":"18097","NAME":"Marion"},"geometry":{"type":"Polygon","coordinates":[[[-86.32812,39.86612],[-86.32537,39.86618],[-86.326,39.87405],[-86.32605,39.88205],[-86.32589,39.88233],[-86.32639,39.92103],[-86.32629,39.92186],[-86.32629,39.92403],[-86.32139,39.92416],[-86.27847,39.92473],[-86.26825,39.92492],[-86.25985,39.92511],[-86.24074,39.92606],[-86.22961,39.92617],[-86.22229,39.92628],[-86.20309,39.92663],[-86.18403,39.92681],[-86.16507,39.92691],[-86.15806,39.92701],[-86.15384,39.92707],[-86.15069,39.9271],[-86.14588,39.92717],[-86.13637,39.92707],[-86.13293,39.92688],[-86.12681,39.92687],[-86.11241,39.9269],[-86.10349,39.92689],[-86.09112,39.92689],[-86.08871,39.92688],[-86.07618,39.92695],[-86.06959,39.92699],[-86.06612,39.92701],[-86.06309,39.927],[-86.05548,39.92703],[-86.05066,39.92705],[-86.04858,39.92705],[-86.04626,39.92705],[-86.02947,39.92711],[-86.02642,39.92718],[-86.01926,39.92728],[-86.01339,39.92738],[-86.00639,39.92709],[-86.00166,39.92706],[-85.99504,39.927],[-85.99148,39.92703],[-85.98085,39.92711],[-85.97587,39.92709],[-85.97536,39.92686],[-85.97012,39.92686],[-85.94998,39.92703],[-85.94862,39.92704],[-85.94549,39.92706],[-85.93759,39.92714],[-85.93738,39.92643],[-85.93808,39.9232],[-85.9381,39.91303],[-85.93808,39.89863],[-85.93808,39.89143],[-85.93808,39.88718],[-85.93809,39.88698],[-85.93807,39.87702],[-85.93807,39.87525],[-85.93807,39.86981],[-85.93847,39.86981],[-85.95401,39.86965],[-85.95368,39.85612],[-85.95349,39.84146],[-85.95332,39.83413],[-85.95312,39.82678],[-85.95307,39.82377],[-85.95294,39.81207],[-85.9529,39.80675],[-85.95289,39.80649],[-85.95258,39.79738],[-85.95241,39.78517],[-85.9524,39.78444],[-85.95238,39.7827],[-85.95238,39.78267],[-85.95235,39.77414],[-85.95231,39.77197],[-85.9522,39.7556],[-85.95182,39.74093],[-85.95184,39.73411],[-85.9517,39.72642],[-85.95172,39.69714],[-85.95173,39.69705],[-85.95209,39.66963],[-85.95207,39.66907],[-85.95208,39.66128],[-85.9521,39.64473],[-85.95208,39.63835],[-85.99018,39.63797],[-86.01879,39.63734],[-86.04464,39.63722],[-86.0447,39.63722],[-86.05416,39.63703],[-86.05893,39.63693],[-86.06371,39.63683],[-86.07421,39.63659],[-86.08273,39.63644],[-86.10152,39.63585],[-86.1063,39.63578],[-86.10971,39.63573],[-86.11123,39.63575],[-86.11714,39.63561],[-86.12686,39.63547],[-86.12808,39.63549],[-86.13942,39.63539],[-86.13948,39.63538],[-86.14126,39.63529],[-86.1457,39.63526],[-86.15839,39.6351],[-86.16375,39.635],[-86.17087,39.63486],[-86.17759,39.63474],[-86.18374,39.63461],[-86.18566,39.63459],[-86.19641,39.63439],[-86.20552,39.63425],[-86.20578,39.63425],[-86.23422,39.63385],[-86.24309,39.63373],[-86.24989,39.63365],[-86.25202,39.63354],[-86.26849,39.63305],[-86.26924,39.63327],[-86.28819,39.63277],[-86.30732,39.63261],[-86.31107,39.63253],[-86.32634,39.63218],[-86.32638,39.64312],[-86.32636,39.64677],[-86.32639,39.64877],[-86.3264,39.65038],[-86.32642,39.65771],[-86.32658,39.6718],[-86.32657,39.68168],[-86.32661,39.68589],[-86.32657,39.68655],[-86.32632,39.69443],[-86.32659,39.71949],[-86.32659,39.71984],[-86.32659,39.72878],[-86.32651,39.72938],[-86.3265,39.72944],[-86.32654,39.73438],[-86.32655,39.73548],[-86.32656,39.7362],[-86.32664,39.74638],[-86.32666,39.74902],[-86.32667,39.75012],[-86.3267,39.75632],[-86.32674,39.7598],[-86.32679,39.76377],[-86.3268,39.76515],[-86.32687,39.77101],[-86.3269,39.77638],[-86.32692,39.77781],[-86.32664,39.77864],[-86.32641,39.77928],[-86.32652,39.786],[-86.32664,39.79331],[-86.32677,39.79898],[-86.3268,39.80065],[-86.327,39.80801],[-86.32715,39.81548],[-86.32715,39.81558],[-86.32723,39.81971],[-86.3273,39.82272],[-86.32744,39.82987],[-86.32746,39.83054],[-86.32757,39.83628],[-86.32787,39.85196],[-86.32801,39.85927],[-86.32812,39.86612]]]}},{"type":"Feature","properties":{"GEOID":"18099","NAME":"Marshall"},"geometry":{"type":"Polygon","coordinates":[[[-86.46711,41.47646],[-86.43513,41.47685],[-86.42574,41.47666],[-86.349,41.47782],[-86.32984,41.4781],[-86.30651,41.47822],[-86.30633,41.47707],[-86.29115,41.47723],[-86.28651,41.47729],[-86.28633,41.4787],[-86.28168,41.47869],[-86.27345,41.47869],[-86.23357,41.47886],[-86.18504,41.47881],[-86.15625,41.47922],[-86.12737,41.47938],[-86.11776,41.47902],[-86.05945,41.47915],[-86.05905,41.44523],[-86.05924,41.44275],[-86.05923,41.43581],[-86.05902,41.43515],[-86.05867,41.39009],[-86.05855,41.37564],[-86.05835,41.34668],[-86.0575,41.3143],[-86.05673,41.28164],[-86.0567,41.28035],[-86.05664,41.27801],[-86.05657,41.27518],[-86.05655,41.27434],[-86.05595,41.25003],[-86.05515,41.22489],[-86.05466,41.20215],[-86.05405,41.17315],[-86.07755,41.17287],[-86.11748,41.17254],[-86.11969,41.17228],[-86.12166,41.17248],[-86.15283,41.17228],[-86.18787,41.17229],[-86.21887,41.17235],[-86.22352,41.17186],[-86.22898,41.17177],[-86.23687,41.17185],[-86.24119,41.17236],[-86.25047,41.17236],[-86.32818,41.17215],[-86.3467,41.17204],[-86.35693,41.17199],[-86.41399,41.17172],[-86.41523,41.17171],[-86.46705,41.17144],[-86.46669,41.25862],[-86.46657,41.27372],[-86.46652,41.30223],[-86.46633,41.34577],[-86.4664,41.36423],[-86.46628,41.36481],[-86.46629,41.37482],[-86.46635,41.40391],[-86.46633,41.41062],[-86.46649,41.41726],[-86.4666,41.43297],[-86.46665,41.44121],[-86.46664,41.45107],[-86.46666,41.46012],[-86.46667,41.46194],[-86.46707,41.46869],[-86.46707,41.47286],[-86.46711,41.47646]]]}},{"type":"Feature","properties":{"GEOID":"18101","NAME":"Martin"},"geometry":{"type":"Polygon","coordinates":[[[-86.92421,38.5306],[-86.92406,38.53386],[-86.92384,38.59827],[-86.92385,38.61286],[-86.92398,38.62763],[-86.92386,38.66465],[-86.92385,38.66537],[-86.9237,38.68533],[-86.92363,38.69399],[-86.92349,38.71059],[-86.92334,38.73077],[-86.923,38.77496],[-86.92294,38.81724],[-86.90423,38.81751],[-86.90425,38.8301],[-86.90419,38.84963],[-86.9042,38.89113],[-86.9042,38.89686],[-86.90425,38.9042],[-86.8951,38.90421],[-86.84759,38.90431],[-86.83142,38.90433],[-86.79443,38.90437],[-86.7294,38.90453],[-86.68285,38.9047],[-86.68291,38.89645],[-86.68323,38.86124],[-86.68299,38.85761],[-86.68325,38.85323],[-86.68321,38.84691],[-86.6834,38.77285],[-86.68358,38.76739],[-86.68351,38.76196],[-86.68386,38.7616],[-86.6834,38.75618],[-86.68341,38.75362],[-86.68326,38.73005],[-86.68337,38.72181],[-86.6831,38.68656],[-86.68306,38.64317],[-86.6828,38.62505],[-86.68265,38.62208],[-86.68254,38.59934],[-86.68254,38.59891],[-86.6825,38.59445],[-86.68245,38.56641],[-86.68241,38.5571],[-86.68236,38.52638],[-86.79315,38.526],[-86.79499,38.526],[-86.81913,38.5264],[-86.82527,38.52624],[-86.83137,38.52636],[-86.83746,38.52647],[-86.83606,38.5232],[-86.83734,38.52154],[-86.8406,38.51884],[-86.84418,38.51517],[-86.85339,38.51017],[-86.8557,38.50911],[-86.85912,38.50841],[-86.86268,38.50824],[-86.86943,38.50653],[-86.8742,38.50367],[-86.87631,38.5013],[-86.87704,38.49685],[-86.8789,38.49492],[-86.88005,38.4948],[-86.88863,38.49498],[-86.89286,38.49629],[-86.89787,38.50038],[-86.90055,38.50129],[-86.90629,38.50046],[-86.90856,38.49938],[-86.91291,38.49596],[-86.91399,38.496],[-86.91816,38.49699],[-86.92002,38.498],[-86.92212,38.49992],[-86.92419,38.50536],[-86.92436,38.52652],[-86.92421,38.5306]]]}},{"type":"Feature","properties":{"GEOID":"18103","NAME":"Miami"},"geometry":{"type":"Polygon","coordinates":[[[-86.16914,40.93133],[-86.16897,40.93856],[-86.16846,40.9961],[-86.14916,40.99608],[-86.13002,40.99608],[-86.09607,40.9969],[-86.0895,40.99685],[-86.0765,40.99728],[-86.05729,40.99761],[-86.05698,40.99761],[-85.94644,40.9992],[-85.94543,40.96475],[-85.94471,40.94279],[-85.94411,40.91381],[-85.94374,40.89634],[-85.94343,40.88174],[-85.94312,40.86727],[-85.94226,40.82348],[-85.94178,40.77252],[-85.94177,40.77225],[-85.94148,40.76956],[-85.94109,40.73727],[-85.94081,40.72071],[-85.94007,40.68638],[-85.93953,40.65099],[-85.92047,40.65114],[-85.86479,40.65169],[-85.86381,40.581],[-85.86381,40.58099],[-85.86376,40.57465],[-85.86364,40.56553],[-85.87786,40.56536],[-85.91979,40.56497],[-85.93878,40.5648],[-86.01332,40.56413],[-86.08935,40.56341],[-86.12122,40.56317],[-86.12742,40.5631],[-86.13899,40.56297],[-86.16502,40.56265],[-86.16523,40.5844],[-86.16527,40.60515],[-86.16538,40.63397],[-86.16544,40.63421],[-86.16584,40.64129],[-86.16584,40.64256],[-86.16587,40.64964],[-86.16604,40.65701],[-86.16619,40.66425],[-86.16632,40.67152],[-86.16669,40.67463],[-86.16665,40.67663],[-86.16662,40.6784],[-86.16584,40.72899],[-86.16572,40.74289],[-86.16692,40.7432],[-86.16886,40.74352],[-86.16831,40.78587],[-86.16824,40.79327],[-86.16799,40.81637],[-86.16769,40.82959],[-86.16766,40.866],[-86.16851,40.90945],[-86.16901,40.90984],[-86.16914,40.93133]]]}},{"type":"Feature","properties":{"GEOID":"18105","NAME":"Monroe"},"geometry":{"type":"Polygon","coordinates":[[[-86.68561,39.33604],[-86.68204,39.33547],[-86.67825,39.3331],[-86.67512,39.33176],[-86.67203,39.3317],[-86.66768,39.32948],[-86.66633,39.32914],[-86.66551,39.32929],[-86.66585,39.33167],[-86.66453,39.33377],[-86.66298,39.33424],[-86.66061,39.33287],[-86.65985,39.33085],[-86.65878,39.3301],[-86.65638,39.33065],[-86.65551,39.33148],[-86.65506,39.33379],[-86.65601,39.33867],[-86.65533,39.34],[-86.65705,39.34237],[-86.65914,39.34434],[-86.65869,39.34876],[-86.6584,39.35028],[-86.655,39.35189],[-86.65342,39.35434],[-86.65155,39.35559],[-86.64952,39.35552],[-86.64286,39.35102],[-86.64166,39.3506],[-86.64038,39.34827],[-86.63779,39.34831],[-86.63629,39.34766],[-86.63481,39.34874],[-86.63332,39.34852],[-86.63082,39.34695],[-86.63084,39.34076],[-86.60719,39.34013],[-86.57428,39.33968],[-86.50984,39.33884],[-86.50906,39.33873],[-86.4929,39.33864],[-86.47371,39.33867],[-86.46511,39.3383],[-86.4228,39.33904],[-86.38139,39.33975],[-86.37994,39.25108],[-86.37241,39.25091],[-86.37243,39.24902],[-86.3722,39.23828],[-86.37219,39.23808],[-86.37199,39.22356],[-86.37039,39.17865],[-86.37029,39.16545],[-86.37019,39.15265],[-86.36969,39.14376],[-86.36911,39.08964],[-86.36946,39.08115],[-86.36917,39.07683],[-86.36921,39.06173],[-86.37007,39.04838],[-86.35076,39.04869],[-86.33699,39.04895],[-86.31813,39.04881],[-86.3178,39.00273],[-86.31738,39.00005],[-86.31747,38.99087],[-86.36751,38.99088],[-86.37499,38.9907],[-86.44883,38.99151],[-86.45113,38.99148],[-86.46153,38.99167],[-86.4799,38.99182],[-86.48826,38.99192],[-86.52361,38.992],[-86.53048,38.99171],[-86.5372,38.99182],[-86.5375,38.99184],[-86.54444,38.99175],[-86.54801,38.99203],[-86.56867,38.99213],[-86.57355,38.99215],[-86.58789,38.99221],[-86.59572,38.99201],[-86.60658,38.99214],[-86.60814,38.99206],[-86.68228,38.9924],[-86.6824,39.07985],[-86.68235,39.08334],[-86.6823,39.08669],[-86.68243,39.09401],[-86.68252,39.10728],[-86.683,39.16575],[-86.68381,39.22212],[-86.68431,39.25259],[-86.68477,39.28149],[-86.68561,39.33604]]]}},{"type":"Feature","properties":{"GEOID":"18107","NAME":"Montgomery"},"geometry":{"type":"Polygon","coordinates":[[[-87.09256,40.21481],[-87.03571,40.21474],[-86.96111,40.21488],[-86.94086,40.21481],[-86.93748,40.21501],[-86.92334,40.21505],[-86.87598,40.21493],[-86.86648,40.21491],[-86.80948,40.21486],[-86.74282,40.21451],[-86.69564,40.21437],[-86.6958,40.17866],[-86.6957,40.14353],[-86.69571,40.0984],[-86.69564,40.08064],[-86.69582,40.03995],[-86.69578,40.01058],[-86.69536,40.0],[-86.69557,39.99586],[-86.69537,39.98615],[-86.6952,39.95235],[-86.69515,39.93743],[-86.69507,39.92277],[-86.69513,39.86485],[-86.78925,39.86511],[-86.79321,39.86515],[-86.80128,39.86513],[-86.80904,39.86522],[-86.82991,39.86535],[-86.87119,39.86555],[-86.87501,39.86585],[-86.89883,39.86603],[-86.90117,39.86592],[-86.9054,39.86599],[-86.92156,39.86612],[-86.93435,39.86619],[-86.93629,39.8661],[-86.93696,39.86603],[-86.971,39.86643],[-86.99251,39.86663],[-87.00948,39.86671],[-87.05376,39.867],[-87.09154,39.86727],[-87.09133,39.88173],[-87.09117,39.91807],[-87.09105,39.94566],[-87.09101,39.95301],[-87.09001,39.953],[-87.09066,39.9819],[-87.09127,40.02936],[-87.09149,40.03901],[-87.09214,40.03902],[-87.09203,40.06826],[-87.09193,40.08722],[-87.09193,40.11008],[-87.0919,40.12755],[-87.09196,40.17125],[-87.09241,40.21429],[-87.09256,40.21481]]]}},{"type":"Feature","properties":{"GEOID":"18109","NAME":"Morgan"},"geometry":{"type":"Polygon","coordinates":[[[-86.68756,39.5219],[-86.68539,39.5213],[-86.68335,39.52267],[-86.68255,39.52399],[-86.68279,39.52654],[-86.68108,39.52753],[-86.67811,39.52719],[-86.67721,39.53],[-86.67477,39.5289],[-86.6729,39.52945],[-86.67378,39.53078],[-86.67038,39.53367],[-86.67273,39.53543],[-86.67155,39.53617],[-86.66694,39.53587],[-86.66756,39.53661],[-86.66404,39.53868],[-86.66228,39.54044],[-86.66325,39.54236],[-86.66178,39.54432],[-86.65984,39.54508],[-86.66147,39.54597],[-86.66095,39.54698],[-86.65816,39.54742],[-86.65785,39.54896],[-86.65641,39.54909],[-86.65497,39.55152],[-86.65394,39.55197],[-86.65141,39.54999],[-86.65129,39.55203],[-86.65315,39.55965],[-86.65081,39.56048],[-86.65006,39.56178],[-86.65122,39.56371],[-86.64832,39.56544],[-86.64903,39.56617],[-86.65142,39.5661],[-86.65351,39.5646],[-86.65494,39.56638],[-86.65554,39.56872],[-86.65455,39.57013],[-86.65666,39.57071],[-86.65693,39.57236],[-86.65858,39.57273],[-86.65684,39.5733],[-86.65553,39.57474],[-86.65856,39.5763],[-86.65959,39.57921],[-86.65835,39.57991],[-86.65902,39.58085],[-86.65703,39.58378],[-86.65801,39.58519],[-86.65543,39.58588],[-86.65591,39.58734],[-86.65415,39.58774],[-86.65398,39.591],[-86.65194,39.59569],[-86.65535,39.59677],[-86.65703,39.59931],[-86.65665,39.60139],[-86.65098,39.60114],[-86.55985,39.60086],[-86.51741,39.60075],[-86.46821,39.60076],[-86.4656,39.60077],[-86.46593,39.63003],[-86.43706,39.63029],[-86.41789,39.63046],[-86.39404,39.63068],[-86.38556,39.63068],[-86.37553,39.63079],[-86.37512,39.6308],[-86.3652,39.63099],[-86.36226,39.63109],[-86.35966,39.63148],[-86.3479,39.63168],[-86.34731,39.63166],[-86.3359,39.63199],[-86.32634,39.63218],[-86.31107,39.63253],[-86.30732,39.63261],[-86.28819,39.63277],[-86.26924,39.63327],[-86.26849,39.63305],[-86.25202,39.63354],[-86.24989,39.63365],[-86.25013,39.60405],[-86.25052,39.59377],[-86.25059,39.59105],[-86.25058,39.58772],[-86.25061,39.57618],[-86.25061,39.56617],[-86.25056,39.55718],[-86.2505,39.54597],[-86.25038,39.52404],[-86.25032,39.51669],[-86.25162,39.51667],[-86.25131,39.47391],[-86.25134,39.4649],[-86.25146,39.44926],[-86.25129,39.44558],[-86.25131,39.43059],[-86.2513,39.43005],[-86.25124,39.42137],[-86.25139,39.42044],[-86.25152,39.37959],[-86.2515,39.37122],[-86.25168,39.34167],[-86.25464,39.34168],[-86.25669,39.34184],[-86.28968,39.34137],[-86.30907,39.34108],[-86.32368,39.34104],[-86.32608,39.34079],[-86.36235,39.34006],[-86.38139,39.33975],[-86.4228,39.33904],[-86.46511,39.3383],[-86.47371,39.33867],[-86.4929,39.33864],[-86.50906,39.33873],[-86.50984,39.33884],[-86.57428,39.33968],[-86.60719,39.34013],[-86.63084,39.34076],[-86.63082,39.34695],[-86.63072,39.37084],[-86.63096,39.40626],[-86.63115,39.41453],[-86.63145,39.41736],[-86.63078,39.42654],[-86.63162,39.42659],[-86.6317,39.43051],[-86.63182,39.43074],[-86.63191,39.44109],[-86.63221,39.47021],[-86.68571,39.47006],[-86.68688,39.47069],[-86.68704,39.48471],[-86.68747,39.49629],[-86.68757,39.51389],[-86.68756,39.5219]]]}},{"type":"Feature","properties":{"GEOID":"18111","NAME":"Newton"},"geometry":{"type":"Polygon","coordinates":[[[-87.5267,41.14922],[-87.52659,41.16609],[-87.52532,41.16625],[-87.48477,41.16989],[-87.45799,41.17059],[-87.4483,41.17421],[-87.4459,41.17429],[-87.4453,41.17424],[-87.44178,41.17321],[-87.42945,41.16828],[-87.42421,41.16649],[-87.42112,41.16547],[-87.41434,41.16223],[-87.3938,41.16281],[-87.39057,41.16518],[-87.38098,41.17251],[-87.36977,41.17549],[-87.36389,41.17677],[-87.35379,41.17997],[-87.34658,41.1823],[-87.34626,41.18236],[-87.33314,41.18286],[-87.33146,41.18299],[-87.3246,41.1862],[-87.29848,41.20542],[-87.29493,41.20842],[-87.28573,41.2152],[-87.27588,41.2186],[-87.27576,41.19932],[-87.27571,41.18806],[-87.2757,41.17382],[-87.27568,41.17042],[-87.27566,41.16848],[-87.27573,41.14439],[-87.27574,41.1299],[-87.27592,41.08633],[-87.27592,41.07117],[-87.27609,41.01298],[-87.27611,40.99844],[-87.27603,40.98415],[-87.27628,40.98057],[-87.2764,40.97242],[-87.27627,40.96928],[-87.27651,40.96595],[-87.27645,40.91148],[-87.26905,40.91152],[-87.26848,40.89639],[-87.26844,40.89479],[-87.26799,40.86589],[-87.26777,40.82234],[-87.26735,40.76562],[-87.2673,40.73658],[-87.30564,40.73657],[-87.32459,40.73655],[-87.38175,40.73651],[-87.43913,40.7367],[-87.43948,40.73671],[-87.52605,40.73689],[-87.52601,40.74974],[-87.52593,40.77766],[-87.52588,40.79292],[-87.52584,40.8069],[-87.52584,40.81725],[-87.52584,40.81731],[-87.52583,40.85179],[-87.52583,40.85361],[-87.526,40.86502],[-87.52644,40.89415],[-87.52597,40.89437],[-87.52605,40.90644],[-87.52608,40.91184],[-87.52608,40.91191],[-87.52606,40.93759],[-87.52605,40.94492],[-87.52628,40.99976],[-87.52629,41.00155],[-87.5263,41.00268],[-87.52634,41.01034],[-87.52643,41.02437],[-87.52643,41.05515],[-87.52651,41.06679],[-87.52656,41.08717],[-87.52657,41.09446],[-87.52663,41.12145],[-87.5267,41.14922]]]}},{"type":"Feature","properties":{"GEOID":"18113","NAME":"Noble"},"geometry":{"type":"Polygon","coordinates":[[[-85.65475,41.52335],[-85.5792,41.52443],[-85.57892,41.52446],[-85.57797,41.52446],[-85.55841,41.5247],[-85.53916,41.52481],[-85.51994,41.52498],[-85.48141,41.52536],[-85.46777,41.5254],[-85.43797,41.52557],[-85.4235,41.5256],[-85.39296,41.52583],[-85.37651,41.52589],[-85.376,41.5259],[-85.35724,41.52607],[-85.35685,41.52607],[-85.31767,41.52616],[-85.31731,41.52616],[-85.30846,41.5262],[-85.27151,41.52634],[-85.25705,41.52641],[-85.19408,41.52644],[-85.19405,41.52634],[-85.19384,41.48134],[-85.19351,41.44406],[-85.19341,41.43809],[-85.19326,41.43765],[-85.19327,41.43738],[-85.19304,41.39461],[-85.19295,41.38001],[-85.19304,41.35113],[-85.19345,41.34339],[-85.19356,41.32195],[-85.19299,41.29672],[-85.1927,41.28595],[-85.19209,41.26421],[-85.25584,41.26385],[-85.2626,41.26391],[-85.30778,41.26416],[-85.34666,41.2645],[-85.36593,41.26474],[-85.39358,41.26493],[-85.42405,41.26505],[-85.43355,41.26506],[-85.46221,41.26518],[-85.49105,41.2655],[-85.50231,41.26559],[-85.52936,41.26615],[-85.53323,41.26624],[-85.53718,41.26616],[-85.53676,41.28095],[-85.53629,41.29524],[-85.57796,41.29535],[-85.65193,41.29478],[-85.65211,41.302],[-85.65309,41.34559],[-85.65323,41.35119],[-85.65325,41.36079],[-85.65332,41.36541],[-85.65347,41.39471],[-85.65352,41.40739],[-85.65355,41.41279],[-85.65358,41.41645],[-85.65351,41.43686],[-85.65356,41.4807],[-85.65391,41.48785],[-85.65475,41.52335]]]}},{"type":"Feature","properties":{"GEOID":"18115","NAME":"Ohio"},"geometry":{"type":"Polygon","coordinates":[[[-85.13583,38.92958],[-85.13251,38.94805],[-85.12964,38.94818],[-85.12495,38.95094],[-85.12381,38.9522],[-85.12326,38.95431],[-85.12013,38.95607],[-85.11547,38.95656],[-85.11409,38.95614],[-85.11318,38.95502],[-85.11335,38.9528],[-85.11411,38.95191],[-85.11886,38.94829],[-85.12088,38.94443],[-85.12046,38.94056],[-85.11876,38.9372],[-85.11633,38.93624],[-85.11372,38.93615],[-85.11226,38.93674],[-85.10825,38.93937],[-85.10447,38.94043],[-85.10256,38.94018],[-85.09746,38.93551],[-85.0959,38.93561],[-85.0949,38.93639],[-85.09399,38.94013],[-85.09149,38.94222],[-85.08938,38.94272],[-85.0881,38.94496],[-85.08549,38.94803],[-85.08432,38.95114],[-85.08264,38.95224],[-85.0798,38.95153],[-85.0788,38.9497],[-85.07684,38.94837],[-85.07245,38.94801],[-85.07107,38.9495],[-85.07089,38.95313],[-85.07042,38.95574],[-85.06972,38.95684],[-85.06808,38.95714],[-85.06612,38.95659],[-85.06456,38.95494],[-85.06489,38.95368],[-85.0672,38.95192],[-85.06661,38.95002],[-85.06149,38.94833],[-85.05941,38.9481],[-85.05856,38.94897],[-85.05803,38.95158],[-85.05856,38.95236],[-85.05776,38.95419],[-85.05864,38.95716],[-85.0582,38.9581],[-85.05513,38.95959],[-85.04956,38.95734],[-85.0478,38.95622],[-85.04572,38.95716],[-85.04639,38.96004],[-85.04824,38.96229],[-85.05085,38.96352],[-85.0512,38.96691],[-85.05055,38.96778],[-85.04695,38.96897],[-85.0446,38.97153],[-85.04363,38.97313],[-85.04176,38.97439],[-85.03663,38.97633],[-85.03062,38.97505],[-85.02467,38.9745],[-85.0237,38.9756],[-85.02126,38.98164],[-85.02012,38.98241],[-85.01608,38.98216],[-85.01276,38.98037],[-85.0086,38.97918],[-85.00664,38.97792],[-85.0055,38.97518],[-85.00356,38.97522],[-85.00165,38.97886],[-85.00089,38.98391],[-85.00194,38.98744],[-84.99897,38.99432],[-84.99871,38.99576],[-84.99747,38.99682],[-84.9964,38.99698],[-84.99415,38.99751],[-84.99216,38.99488],[-84.98776,38.99529],[-84.98493,38.99497],[-84.98439,38.99765],[-84.98289,38.99662],[-84.98091,38.9966],[-84.97797,38.99482],[-84.97289,38.994],[-84.96971,38.99241],[-84.96766,38.99403],[-84.96425,38.99777],[-84.96332,38.99589],[-84.96063,38.99457],[-84.95774,38.99495],[-84.95387,38.99489],[-84.9523,38.99628],[-84.95178,38.99833],[-84.95329,38.9992],[-84.94907,38.99925],[-84.94769,38.99818],[-84.94628,38.99876],[-84.94731,39.00003],[-84.94616,39.00127],[-84.94471,39.00005],[-84.94402,39.00051],[-84.94635,39.00491],[-84.94606,39.00627],[-84.94304,39.00804],[-84.93832,39.00708],[-84.93788,39.0055],[-84.93601,39.00519],[-84.93346,39.00623],[-84.93027,39.00853],[-84.9277,39.01082],[-84.92578,39.01434],[-84.92452,39.01496],[-84.92231,39.01358],[-84.91874,39.01445],[-84.91526,39.01682],[-84.91354,39.01864],[-84.91211,39.01893],[-84.9086,39.01757],[-84.90559,39.0168],[-84.90241,39.01495],[-84.89876,39.01324],[-84.89769,39.01337],[-84.89434,39.0166],[-84.89248,39.01893],[-84.88826,39.02327],[-84.8858,39.02511],[-84.88382,39.02592],[-84.88071,39.0283],[-84.87736,39.0316],[-84.87182,39.02776],[-84.86451,39.0198],[-84.85061,39.00469],[-84.84774,38.99801],[-84.83983,38.99129],[-84.83774,38.98879],[-84.83712,38.98806],[-84.83347,38.98152],[-84.83062,38.9749],[-84.83053,38.97422],[-84.82986,38.96939],[-84.83262,38.96146],[-84.83285,38.96114],[-84.83368,38.96],[-84.83516,38.95796],[-84.84016,38.95457],[-84.84105,38.95377],[-84.84154,38.95333],[-84.84416,38.95097],[-84.84932,38.94826],[-84.85301,38.94382],[-84.85374,38.94294],[-84.85661,38.94084],[-84.86473,38.93489],[-84.87076,38.92923],[-84.87776,38.92036],[-84.87927,38.91612],[-84.87923,38.9159],[-84.87882,38.9134],[-84.87703,38.90902],[-84.87116,38.90168],[-84.93111,38.90098],[-84.9501,38.90112],[-85.00986,38.90154],[-85.0256,38.9018],[-85.04396,38.90193],[-85.04417,38.903],[-85.04666,38.903],[-85.10007,38.90301],[-85.1336,38.90337],[-85.14031,38.90319],[-85.13583,38.92958]]]}},{"type":"Feature","properties":{"GEOID":"18117","NAME":"Orange"},"geometry":{"type":"Polygon","coordinates":[[[-86.6831,38.68656],[-86.625,38.68708],[-86.62407,38.68686],[-86.59098,38.68711],[-86.59065,38.68709],[-86.5534,38.68744],[-86.54604,38.68751],[-86.51657,38.68782],[-86.49999,38.68799],[-86.49738,38.68818],[-86.46006,38.68865],[-86.46002,38.68758],[-86.45556,38.68752],[-86.40181,38.68768],[-86.38332,38.68784],[-86.37824,38.68801],[-86.34602,38.68848],[-86.34579,38.68852],[-86.3087,38.6881],[-86.30792,38.67368],[-86.30779,38.6716],[-86.30829,38.65912],[-86.30775,38.64446],[-86.30788,38.62254],[-86.30799,38.58624],[-86.30821,38.56439],[-86.30824,38.55721],[-86.30801,38.55721],[-86.30806,38.52168],[-86.30794,38.52124],[-86.30861,38.48482],[-86.30869,38.47849],[-86.30879,38.47037],[-86.30836,38.47038],[-86.30867,38.42287],[-86.30887,38.39407],[-86.31699,38.39426],[-86.3392,38.3943],[-86.34323,38.39464],[-86.34506,38.39458],[-86.36551,38.3946],[-86.37121,38.39497],[-86.37498,38.39482],[-86.38262,38.39558],[-86.42089,38.39602],[-86.42708,38.3961],[-86.4517,38.39646],[-86.45673,38.39642],[-86.51375,38.39642],[-86.51667,38.39639],[-86.56947,38.39603],[-86.61478,38.39546],[-86.61548,38.39551],[-86.68142,38.39477],[-86.68179,38.43926],[-86.68189,38.44969],[-86.68221,38.49711],[-86.68236,38.52638],[-86.68241,38.5571],[-86.68245,38.56641],[-86.6825,38.59445],[-86.68254,38.59891],[-86.68254,38.59934],[-86.68265,38.62208],[-86.6828,38.62505],[-86.68306,38.64317],[-86.6831,38.68656]]]}},{"type":"Feature","properties":{"GEOID":"18119","NAME":"Owen"},"geometry":{"type":"Polygon","coordinates":[[[-87.05483,39.2699],[-87.05416,39.30624],[-87.05406,39.30686],[-87.05365,39.34262],[-86.96754,39.34214],[-86.96629,39.34223],[-86.95528,39.34234],[-86.94728,39.34216],[-86.94247,39.34204],[-86.9422,39.37102],[-86.94229,39.39991],[-86.94241,39.42936],[-86.94176,39.42931],[-86.94134,39.44308],[-86.94121,39.44759],[-86.94099,39.45569],[-86.94021,39.46429],[-86.93998,39.47335],[-86.92181,39.47322],[-86.9173,39.47276],[-86.91605,39.47278],[-86.90399,39.47264],[-86.85095,39.47232],[-86.84124,39.47206],[-86.83944,39.47199],[-86.81483,39.47195],[-86.78413,39.47163],[-86.78081,39.47146],[-86.76232,39.47019],[-86.72353,39.4707],[-86.70613,39.47052],[-86.68803,39.4705],[-86.68571,39.47006],[-86.63221,39.47021],[-86.63191,39.44109],[-86.63182,39.43074],[-86.6317,39.43051],[-86.63162,39.42659],[-86.63078,39.42654],[-86.63145,39.41736],[-86.63115,39.41453],[-86.63096,39.40626],[-86.63072,39.37084],[-86.63082,39.34695],[-86.63332,39.34852],[-86.63481,39.34874],[-86.63629,39.34766],[-86.63779,39.34831],[-86.64038,39.34827],[-86.64166,39.3506],[-86.64286,39.35102],[-86.64952,39.35552],[-86.65155,39.35559],[-86.65342,39.35434],[-86.655,39.35189],[-86.6584,39.35028],[-86.65869,39.34876],[-86.65914,39.34434],[-86.65705,39.34237],[-86.65533,39.34],[-86.65601,39.33867],[-86.65506,39.33379],[-86.65551,39.33148],[-86.65638,39.33065],[-86.65878,39.3301],[-86.65985,39.33085],[-86.66061,39.33287],[-86.66298,39.33424],[-86.66453,39.33377],[-86.66585,39.33167],[-86.66551,39.32929],[-86.66633,39.32914],[-86.66768,39.32948],[-86.67203,39.3317],[-86.67512,39.33176],[-86.67825,39.3331],[-86.68204,39.33547],[-86.68561,39.33604],[-86.68477,39.28149],[-86.68431,39.25259],[-86.68381,39.22212],[-86.683,39.16575],[-86.73762,39.1663],[-86.73879,39.16623],[-86.75754,39.16645],[-86.7952,39.16673],[-86.79749,39.16675],[-86.8298,39.16702],[-86.83213,39.16703],[-86.84579,39.16744],[-86.84632,39.16759],[-86.85978,39.16728],[-86.87499,39.1675],[-86.87705,39.1673],[-86.88261,39.16763],[-86.89072,39.16768],[-86.89314,39.1679],[-86.90526,39.16784],[-86.91858,39.1679],[-87.02663,39.16818],[-87.0276,39.16822],[-87.0359,39.16813],[-87.05458,39.16809],[-87.05472,39.16872],[-87.05458,39.17482],[-87.05472,39.17749],[-87.05467,39.21543],[-87.05421,39.22075],[-87.05446,39.25575],[-87.05488,39.25939],[-87.05483,39.2699]]]}},{"type":"Feature","properties":{"GEOID":"18121","NAME":"Parke"},"geometry":{"type":"Polygon","coordinates":[[[-87.43367,39.93516],[-87.42951,39.93811],[-87.42316,39.94368],[-87.42139,39.94671],[-87.4204,39.95051],[-87.42022,39.95245],[-87.4153,39.95256],[-87.31852,39.95275],[-87.31342,39.95276],[-87.26141,39.95287],[-87.25663,39.95286],[-87.24219,39.95299],[-87.20413,39.95328],[-87.19012,39.95307],[-87.17872,39.9533],[-87.14834,39.95305],[-87.12605,39.95298],[-87.1259,39.95315],[-87.09101,39.95301],[-87.09105,39.94566],[-87.09117,39.91807],[-87.09133,39.88173],[-87.09154,39.86727],[-87.05376,39.867],[-87.00948,39.86671],[-87.00991,39.83216],[-87.01014,39.83071],[-87.01043,39.80111],[-87.0106,39.78141],[-87.01075,39.77956],[-87.01076,39.7795],[-87.01065,39.7768],[-87.01079,39.75451],[-87.01133,39.72822],[-87.01167,39.71395],[-87.0119,39.69559],[-87.01194,39.69185],[-87.01304,39.60674],[-87.01306,39.60479],[-87.03074,39.60487],[-87.03537,39.60506],[-87.1207,39.60572],[-87.12424,39.60576],[-87.19901,39.60714],[-87.21306,39.60732],[-87.23873,39.60768],[-87.25282,39.60789],[-87.29165,39.60812],[-87.2956,39.60815],[-87.31431,39.60825],[-87.38044,39.60802],[-87.38119,39.60794],[-87.38242,39.60794],[-87.38129,39.61587],[-87.38144,39.61735],[-87.3826,39.6197],[-87.38629,39.62504],[-87.38902,39.62821],[-87.3906,39.63114],[-87.39233,39.63537],[-87.39242,39.63705],[-87.39148,39.64221],[-87.39183,39.6437],[-87.3952,39.64881],[-87.39584,39.65145],[-87.39592,39.65404],[-87.3952,39.65643],[-87.39433,39.65869],[-87.39387,39.65915],[-87.39014,39.6618],[-87.38876,39.66389],[-87.38811,39.66747],[-87.38865,39.66986],[-87.39067,39.67341],[-87.39015,39.67659],[-87.38936,39.67819],[-87.38545,39.6825],[-87.384,39.6859],[-87.38409,39.68921],[-87.38152,39.6934],[-87.3826,39.69565],[-87.38558,39.70007],[-87.38536,39.70107],[-87.3827,39.70325],[-87.37991,39.70703],[-87.37973,39.71002],[-87.38018,39.71099],[-87.38315,39.71359],[-87.38408,39.71594],[-87.38442,39.71857],[-87.38353,39.72198],[-87.38214,39.72487],[-87.38116,39.72676],[-87.37991,39.73046],[-87.37879,39.73733],[-87.37749,39.74157],[-87.37717,39.74611],[-87.37977,39.75792],[-87.38001,39.76417],[-87.38032,39.76499],[-87.38057,39.76677],[-87.37944,39.76949],[-87.37695,39.7718],[-87.37428,39.77784],[-87.37416,39.783],[-87.3746,39.79243],[-87.37671,39.79539],[-87.37905,39.79745],[-87.38116,39.80025],[-87.38356,39.80482],[-87.38468,39.80869],[-87.38519,39.81268],[-87.38517,39.81998],[-87.38537,39.82419],[-87.38564,39.83042],[-87.38554,39.83337],[-87.38488,39.8347],[-87.38304,39.83619],[-87.38041,39.8372],[-87.37317,39.8377],[-87.37008,39.83923],[-87.36639,39.84287],[-87.36344,39.84753],[-87.36178,39.85146],[-87.36153,39.85463],[-87.35997,39.8571],[-87.35597,39.85865],[-87.35433,39.86],[-87.35386,39.86208],[-87.35462,39.86357],[-87.35606,39.86472],[-87.3598,39.86611],[-87.36548,39.86688],[-87.36799,39.86765],[-87.37689,39.87351],[-87.37901,39.87616],[-87.37871,39.87797],[-87.37757,39.87883],[-87.37098,39.88148],[-87.36997,39.88219],[-87.36784,39.88587],[-87.36802,39.88862],[-87.36886,39.89047],[-87.37322,39.89679],[-87.37859,39.90277],[-87.37994,39.90396],[-87.3845,39.90633],[-87.39198,39.9069],[-87.39943,39.90959],[-87.40496,39.91086],[-87.4076,39.91193],[-87.40983,39.91351],[-87.41331,39.91838],[-87.41257,39.91959],[-87.41044,39.92068],[-87.40519,39.92378],[-87.40479,39.92595],[-87.4068,39.92848],[-87.40803,39.92894],[-87.41188,39.92871],[-87.41758,39.92612],[-87.41907,39.92571],[-87.42217,39.92594],[-87.4247,39.92661],[-87.43113,39.92957],[-87.43319,39.93138],[-87.43412,39.93333],[-87.43367,39.93516]]]}},{"type":"Feature","properties":{"GEOID":"18123","NAME":"Perry"},"geometry":{"type":"Polygon","coordinates":[[[-86.81168,38.00045],[-86.80827,38.00095],[-86.80554,38.00288],[-86.80193,38.0074],[-86.80098,38.01047],[-86.80245,38.0132],[-86.80071,38.01485],[-86.79829,38.01553],[-86.7964,38.01479],[-86.79511,38.01283],[-86.79172,38.00923],[-86.79148,38.0055],[-86.79052,38.00363],[-86.78807,38.00177],[-86.78682,38.00068],[-86.78487,37.99994],[-86.77834,37.99934],[-86.77561,37.9982],[-86.77227,37.99828],[-86.77126,38.00097],[-86.77309,38.00551],[-86.77421,38.00657],[-86.7739,38.00917],[-86.7751,38.01064],[-86.77787,38.01006],[-86.77596,38.01198],[-86.77542,38.01519],[-86.77581,38.01829],[-86.77661,38.01989],[-86.77658,38.02227],[-86.77578,38.02404],[-86.77629,38.02472],[-86.78042,38.02442],[-86.78198,38.02617],[-86.78099,38.02821],[-86.77719,38.02923],[-86.77426,38.02929],[-86.77133,38.02859],[-86.76832,38.02945],[-86.76707,38.02918],[-86.76716,38.03018],[-86.76793,38.0307],[-86.77093,38.03111],[-86.7744,38.03388],[-86.7757,38.03402],[-86.77487,38.03245],[-86.77695,38.03075],[-86.77728,38.03334],[-86.77905,38.0356],[-86.78309,38.0362],[-86.78256,38.03724],[-86.77971,38.03762],[-86.7801,38.04011],[-86.78185,38.04042],[-86.78515,38.03856],[-86.7869,38.04054],[-86.78436,38.04337],[-86.78264,38.04425],[-86.78213,38.04247],[-86.77968,38.04388],[-86.78028,38.04551],[-86.77919,38.04723],[-86.78263,38.04844],[-86.77879,38.05007],[-86.78072,38.05203],[-86.78061,38.05304],[-86.77913,38.05332],[-86.77696,38.05197],[-86.77527,38.05252],[-86.7749,38.0537],[-86.7716,38.05557],[-86.76735,38.05692],[-86.7652,38.05834],[-86.76687,38.05809],[-86.76892,38.05907],[-86.7682,38.06063],[-86.7698,38.06139],[-86.77037,38.06309],[-86.77165,38.06381],[-86.77245,38.06637],[-86.77399,38.06763],[-86.77417,38.06918],[-86.77541,38.07216],[-86.77837,38.07538],[-86.77898,38.07729],[-86.78076,38.07844],[-86.77754,38.08],[-86.77582,38.08165],[-86.77311,38.08311],[-86.7719,38.08554],[-86.77272,38.08753],[-86.77144,38.08763],[-86.76975,38.08656],[-86.76923,38.08732],[-86.76986,38.08888],[-86.76945,38.09063],[-86.76771,38.09176],[-86.76721,38.09435],[-86.76928,38.09549],[-86.76843,38.09749],[-86.76972,38.09876],[-86.76811,38.10012],[-86.76861,38.10279],[-86.77018,38.10162],[-86.77278,38.10201],[-86.77285,38.10556],[-86.77528,38.10505],[-86.77813,38.10272],[-86.78035,38.10153],[-86.78294,38.10205],[-86.78285,38.10375],[-86.78399,38.10413],[-86.78503,38.10251],[-86.78536,38.10419],[-86.78784,38.10471],[-86.7881,38.10633],[-86.7866,38.1071],[-86.78435,38.10968],[-86.78442,38.11036],[-86.78638,38.11242],[-86.78914,38.11129],[-86.7904,38.11278],[-86.79245,38.11664],[-86.79449,38.117],[-86.79414,38.11543],[-86.79482,38.11487],[-86.79615,38.11563],[-86.7973,38.11482],[-86.79593,38.1135],[-86.79806,38.11196],[-86.79917,38.11232],[-86.80054,38.11066],[-86.80406,38.11335],[-86.80339,38.11465],[-86.80489,38.11595],[-86.80479,38.11711],[-86.80715,38.11784],[-86.80698,38.11847],[-86.80233,38.12118],[-86.79774,38.12191],[-86.79529,38.12327],[-86.79496,38.12587],[-86.79749,38.12709],[-86.79853,38.12863],[-86.79755,38.12994],[-86.7988,38.13186],[-86.80288,38.13434],[-86.80251,38.13537],[-86.79979,38.13628],[-86.79945,38.13754],[-86.80042,38.1396],[-86.80199,38.14001],[-86.80341,38.14173],[-86.80534,38.14188],[-86.80623,38.14271],[-86.80452,38.1455],[-86.80481,38.14749],[-86.80311,38.14708],[-86.80251,38.14849],[-86.80103,38.14958],[-86.80152,38.15172],[-86.80085,38.15258],[-86.79894,38.15201],[-86.79753,38.15424],[-86.79764,38.15629],[-86.79548,38.15688],[-86.79536,38.15782],[-86.79668,38.16005],[-86.79836,38.16018],[-86.79845,38.16167],[-86.79954,38.16263],[-86.79835,38.16446],[-86.79893,38.16574],[-86.79832,38.16805],[-86.80028,38.16841],[-86.80269,38.17038],[-86.80195,38.17207],[-86.80216,38.17331],[-86.80361,38.17453],[-86.80217,38.17658],[-86.80312,38.17802],[-86.80357,38.18143],[-86.79939,38.18093],[-86.7979,38.18035],[-86.79307,38.18063],[-86.79132,38.18007],[-86.7915,38.20513],[-86.79215,38.2491],[-86.77528,38.2488],[-86.77166,38.24871],[-86.76408,38.24847],[-86.76061,38.24855],[-86.71051,38.24809],[-86.67899,38.24806],[-86.6793,38.25006],[-86.67951,38.26309],[-86.64295,38.26328],[-86.64155,38.26333],[-86.57296,38.26621],[-86.57014,38.26633],[-86.57112,38.22433],[-86.57167,38.20753],[-86.46043,38.20683],[-86.4606,38.20148],[-86.46125,38.17127],[-86.46198,38.1403],[-86.46176,38.13231],[-86.46103,38.12117],[-86.46325,38.11928],[-86.46608,38.11444],[-86.46622,38.10678],[-86.46386,38.10118],[-86.45883,38.09601],[-86.44999,38.09203],[-86.44746,38.09179],[-86.43405,38.08676],[-86.43135,38.08347],[-86.43009,38.07864],[-86.43279,38.06717],[-86.43324,38.06662],[-86.43824,38.06043],[-86.45219,38.05049],[-86.46209,38.04753],[-86.4719,38.04622],[-86.48039,38.04558],[-86.49077,38.04567],[-86.50005,38.04576],[-86.51176,38.04445],[-86.51729,38.04263],[-86.5194,38.04124],[-86.52183,38.03833],[-86.52468,38.02882],[-86.52487,38.0282],[-86.52497,38.02788],[-86.52438,38.01861],[-86.52466,38.01289],[-86.52567,38.00715],[-86.52584,37.99838],[-86.52489,37.98183],[-86.52517,37.96823],[-86.52383,37.96217],[-86.5205,37.95444],[-86.51857,37.9518],[-86.51259,37.94695],[-86.50939,37.94249],[-86.50704,37.93644],[-86.50662,37.93072],[-86.50783,37.92883],[-86.511,37.92612],[-86.51924,37.92216],[-86.52615,37.91945],[-86.52828,37.91862],[-86.53416,37.91701],[-86.54072,37.91687],[-86.54851,37.91784],[-86.56626,37.92216],[-86.58032,37.92314],[-86.58654,37.92229],[-86.58858,37.92116],[-86.59613,37.91429],[-86.59845,37.91096],[-86.59985,37.90675],[-86.6001,37.90122],[-86.59815,37.88455],[-86.59832,37.88042],[-86.59939,37.87475],[-86.59748,37.87148],[-86.59732,37.87016],[-86.59811,37.86738],[-86.60381,37.8594],[-86.60462,37.85827],[-86.60916,37.85541],[-86.61522,37.85286],[-86.62576,37.84727],[-86.63351,37.84415],[-86.63427,37.84385],[-86.63827,37.84272],[-86.64803,37.84143],[-86.65252,37.84164],[-86.6553,37.84251],[-86.65827,37.84414],[-86.66164,37.84971],[-86.6625,37.85695],[-86.66123,37.86276],[-86.65837,37.86938],[-86.64873,37.88604],[-86.64475,37.89481],[-86.64404,37.8982],[-86.64414,37.90237],[-86.64551,37.90653],[-86.64708,37.90862],[-86.65009,37.91062],[-86.66089,37.91306],[-86.67237,37.9148],[-86.67304,37.9149],[-86.68093,37.91501],[-86.68601,37.91308],[-86.69199,37.90853],[-86.70346,37.90117],[-86.70782,37.89837],[-86.7121,37.89615],[-86.71614,37.89407],[-86.71846,37.89312],[-86.72034,37.89289],[-86.72225,37.89265],[-86.73146,37.89434],[-86.73472,37.89659],[-86.73767,37.89955],[-86.74561,37.9075],[-86.75099,37.91289],[-86.75527,37.91896],[-86.75663,37.9209],[-86.76473,37.93241],[-86.76541,37.93348],[-86.77403,37.94708],[-86.77471,37.94814],[-86.77551,37.94941],[-86.77619,37.95034],[-86.77717,37.9517],[-86.77992,37.95546],[-86.77857,37.9573],[-86.77926,37.95838],[-86.78133,37.96162],[-86.78717,37.9688],[-86.79051,37.98005],[-86.7938,37.98654],[-86.79551,37.98945],[-86.80014,37.99129],[-86.80313,37.99248],[-86.80493,37.99355],[-86.80506,37.99364],[-86.81091,37.99715],[-86.81348,37.99817],[-86.81168,38.00045]]]}},{"type":"Feature","properties":{"GEOID":"18125","NAME":"Pike"},"geometry":{"type":"Polygon","coordinates":[[[-87.46292,38.46752],[-87.46218,38.50005],[-87.46242,38.50191],[-87.46289,38.53352],[-87.45105,38.53249],[-87.4456,38.53261],[-87.44511,38.53238],[-87.43931,38.52879],[-87.43599,38.52837],[-87.43394,38.52892],[-87.43212,38.53052],[-87.43239,38.53759],[-87.43184,38.53835],[-87.42872,38.53998],[-87.42601,38.54057],[-87.42287,38.53961],[-87.42233,38.53728],[-87.42278,38.53293],[-87.42174,38.53046],[-87.42028,38.52889],[-87.4159,38.52677],[-87.41128,38.52654],[-87.40987,38.52715],[-87.40901,38.52858],[-87.40847,38.53128],[-87.4091,38.53586],[-87.40901,38.53773],[-87.40768,38.53954],[-87.40621,38.54044],[-87.40325,38.5414],[-87.39872,38.54044],[-87.39739,38.53963],[-87.394,38.53867],[-87.38938,38.53891],[-87.3856,38.53842],[-87.38381,38.53777],[-87.38064,38.535],[-87.37971,38.53188],[-87.38008,38.52931],[-87.3817,38.5223],[-87.38195,38.52034],[-87.38139,38.51786],[-87.3799,38.51579],[-87.37745,38.51386],[-87.37255,38.51216],[-87.36967,38.51215],[-87.3676,38.51294],[-87.36432,38.51601],[-87.36223,38.51989],[-87.36142,38.52306],[-87.36214,38.52594],[-87.36833,38.5328],[-87.36927,38.53457],[-87.3701,38.53803],[-87.36993,38.53923],[-87.36853,38.54163],[-87.36616,38.54335],[-87.36023,38.54413],[-87.35505,38.54353],[-87.35091,38.5416],[-87.34909,38.54033],[-87.34229,38.53483],[-87.33735,38.53148],[-87.3289,38.52669],[-87.32396,38.52404],[-87.31819,38.52199],[-87.31636,38.52155],[-87.31464,38.52141],[-87.31207,38.52115],[-87.30927,38.51994],[-87.30643,38.51749],[-87.30534,38.51406],[-87.3023,38.51043],[-87.30123,38.51026],[-87.29174,38.51106],[-87.28789,38.51184],[-87.28611,38.51278],[-87.28384,38.51482],[-87.28078,38.51695],[-87.27655,38.51917],[-87.27258,38.5214],[-87.26917,38.52265],[-87.26368,38.52354],[-87.25588,38.52658],[-87.25471,38.52779],[-87.25444,38.5293],[-87.25513,38.53305],[-87.25425,38.53614],[-87.25305,38.53825],[-87.24999,38.54201],[-87.24761,38.54356],[-87.24402,38.54401],[-87.2421,38.54493],[-87.24083,38.54561],[-87.23763,38.54555],[-87.23547,38.54498],[-87.22764,38.5406],[-87.22308,38.53914],[-87.22095,38.53883],[-87.21617,38.54146],[-87.21328,38.54478],[-87.21018,38.54962],[-87.20712,38.55171],[-87.20371,38.55222],[-87.20022,38.55164],[-87.19397,38.5493],[-87.18542,38.54851],[-87.18259,38.54762],[-87.17763,38.5453],[-87.1755,38.54395],[-87.17369,38.54166],[-87.17246,38.53862],[-87.17151,38.53277],[-87.17028,38.53184],[-87.16637,38.53247],[-87.16441,38.53263],[-87.16234,38.53243],[-87.16078,38.53097],[-87.15758,38.52972],[-87.15471,38.52738],[-87.15395,38.52602],[-87.15419,38.52416],[-87.15563,38.52286],[-87.15647,38.5203],[-87.1556,38.51815],[-87.15304,38.51643],[-87.15124,38.51581],[-87.14605,38.51593],[-87.13896,38.51739],[-87.13537,38.51915],[-87.13573,38.52149],[-87.13911,38.52627],[-87.13821,38.52935],[-87.13549,38.53192],[-87.13432,38.53175],[-87.13126,38.53013],[-87.12881,38.52808],[-87.12773,38.52621],[-87.12466,38.52495],[-87.12197,38.52542],[-87.11917,38.52705],[-87.11887,38.52833],[-87.11964,38.53137],[-87.11962,38.53307],[-87.11828,38.53522],[-87.11509,38.5369],[-87.11045,38.53761],[-87.10765,38.53771],[-87.10215,38.53538],[-87.10051,38.53441],[-87.09699,38.53103],[-87.09442,38.5282],[-87.09386,38.52434],[-87.09338,38.5234],[-87.09139,38.52217],[-87.08515,38.52096],[-87.08294,38.52114],[-87.08183,38.52067],[-87.08238,38.51908],[-87.08611,38.51646],[-87.08734,38.51404],[-87.08544,38.51224],[-87.08315,38.51191],[-87.07837,38.51404],[-87.07586,38.51483],[-87.07312,38.51494],[-87.07237,38.5147],[-87.07228,38.50853],[-87.07245,38.50572],[-87.07227,38.50005],[-87.0726,38.48285],[-87.07244,38.4804],[-87.07262,38.46655],[-87.07297,38.46602],[-87.07305,38.45755],[-87.07312,38.43705],[-87.07324,38.42235],[-87.07297,38.39517],[-87.07312,38.39325],[-87.07272,38.36417],[-87.0725,38.35317],[-87.0726,38.33469],[-87.07248,38.30389],[-87.07264,38.29086],[-87.07314,38.27757],[-87.07311,38.26957],[-87.07314,38.26896],[-87.07298,38.25064],[-87.07313,38.24955],[-87.07307,38.2326],[-87.125,38.23295],[-87.12568,38.23291],[-87.14911,38.23225],[-87.16273,38.23163],[-87.1663,38.23165],[-87.18609,38.23128],[-87.19981,38.23104],[-87.20965,38.23131],[-87.23286,38.23094],[-87.24123,38.23101],[-87.24277,38.23113],[-87.29839,38.23167],[-87.29822,38.24589],[-87.31689,38.24608],[-87.31698,38.28977],[-87.31652,38.32667],[-87.31658,38.3342],[-87.31656,38.34141],[-87.31596,38.37529],[-87.31732,38.37524],[-87.31768,38.37539],[-87.31766,38.37593],[-87.31701,38.37669],[-87.31681,38.37726],[-87.3178,38.37861],[-87.31793,38.37931],[-87.31746,38.37986],[-87.31589,38.38023],[-87.31624,38.38148],[-87.31824,38.38298],[-87.31953,38.38276],[-87.32052,38.37997],[-87.32062,38.37716],[-87.3219,38.37713],[-87.32493,38.37811],[-87.32539,38.37959],[-87.32295,38.38055],[-87.32314,38.38292],[-87.32442,38.38361],[-87.32657,38.3822],[-87.32726,38.37795],[-87.32901,38.37794],[-87.32997,38.37931],[-87.32982,38.38114],[-87.33136,38.38169],[-87.33273,38.37958],[-87.33404,38.37908],[-87.33574,38.37945],[-87.33787,38.38168],[-87.33902,38.38116],[-87.33969,38.3788],[-87.34161,38.37984],[-87.3417,38.38223],[-87.34097,38.38388],[-87.33798,38.3837],[-87.33742,38.38466],[-87.34061,38.3873],[-87.34304,38.38531],[-87.34409,38.38264],[-87.34493,38.38228],[-87.34749,38.38271],[-87.34994,38.38191],[-87.35072,38.38361],[-87.35005,38.3845],[-87.34772,38.38512],[-87.34817,38.38624],[-87.34998,38.38624],[-87.3514,38.38555],[-87.35293,38.3857],[-87.35454,38.38699],[-87.35762,38.3878],[-87.35825,38.38472],[-87.35765,38.38241],[-87.36095,38.38144],[-87.36203,38.37991],[-87.36481,38.38148],[-87.36379,38.37944],[-87.36517,38.37856],[-87.36681,38.37929],[-87.36867,38.37876],[-87.36971,38.377],[-87.37073,38.37683],[-87.37192,38.37796],[-87.37129,38.38056],[-87.37255,38.38167],[-87.37485,38.38055],[-87.37439,38.37717],[-87.37653,38.37714],[-87.37796,38.38016],[-87.38004,38.38338],[-87.38219,38.38102],[-87.38206,38.37931],[-87.3839,38.37946],[-87.38564,38.37852],[-87.38494,38.37624],[-87.38535,38.3754],[-87.38711,38.37558],[-87.38821,38.37656],[-87.38722,38.37877],[-87.38711,38.38286],[-87.39141,38.38254],[-87.39384,38.38111],[-87.39194,38.37727],[-87.39538,38.37572],[-87.39684,38.37652],[-87.39666,38.37947],[-87.39753,38.38056],[-87.39861,38.38003],[-87.39865,38.37729],[-87.39785,38.37486],[-87.39898,38.37438],[-87.40245,38.37447],[-87.40335,38.37516],[-87.40297,38.37684],[-87.40431,38.37728],[-87.40607,38.37549],[-87.40758,38.3755],[-87.40754,38.39247],[-87.40733,38.43632],[-87.44037,38.43601],[-87.44455,38.43612],[-87.44443,38.46123],[-87.4445,38.46549],[-87.4625,38.46572],[-87.46292,38.46752]]]}},{"type":"Feature","properties":{"GEOID":"18127","NAME":"Porter"},"geometry":{"type":"Polygon","coordinates":[[[-87.22264,41.62417],[-87.22066,41.62436],[-87.20278,41.62722],[-87.18765,41.62965],[-87.18354,41.63032],[-87.1796,41.63096],[-87.1771,41.63184],[-87.17602,41.63387],[-87.1757,41.63418],[-87.17463,41.63407],[-87.16209,41.63539],[-87.1617,41.63506],[-87.16175,41.63149],[-87.15867,41.6314],[-87.15853,41.64024],[-87.1581,41.64159],[-87.15047,41.64142],[-87.1505,41.63589],[-87.14745,41.63592],[-87.1475,41.64556],[-87.14698,41.64614],[-87.14696,41.64617],[-87.14454,41.64586],[-87.14451,41.64586],[-87.14215,41.64556],[-87.14185,41.64552],[-87.13015,41.64837],[-87.12844,41.64638],[-87.12838,41.64632],[-87.12039,41.6471],[-87.12037,41.64711],[-87.09905,41.65177],[-87.07706,41.65848],[-87.06747,41.66141],[-87.06603,41.66184],[-87.02789,41.67466],[-87.00964,41.68152],[-86.99441,41.68725],[-86.96314,41.69958],[-86.94338,41.7066],[-86.93349,41.70928],[-86.93272,41.70952],[-86.93264,41.70469],[-86.93248,41.69494],[-86.93241,41.68842],[-86.93239,41.68827],[-86.93243,41.68063],[-86.93235,41.65846],[-86.93231,41.65138],[-86.93227,41.61729],[-86.93197,41.60704],[-86.93201,41.60697],[-86.93163,41.59152],[-86.9315,41.58536],[-86.93113,41.56776],[-86.93071,41.54639],[-86.92987,41.53606],[-86.93012,41.53162],[-86.92977,41.51902],[-86.92936,41.46311],[-86.93006,41.44969],[-86.93017,41.43619],[-86.93017,41.43427],[-86.93022,41.41248],[-86.93066,41.34691],[-86.9306,41.32809],[-86.93057,41.32797],[-86.92986,41.25942],[-86.92957,41.24885],[-86.93008,41.2368],[-86.93769,41.23021],[-86.94234,41.2285],[-86.95452,41.22528],[-86.96203,41.22255],[-86.96813,41.21966],[-86.97702,41.22155],[-86.978,41.22216],[-86.98404,41.2277],[-87.01103,41.24091],[-87.04484,41.2608],[-87.05972,41.26952],[-87.0732,41.27318],[-87.10229,41.28096],[-87.12012,41.28574],[-87.12212,41.28637],[-87.13134,41.28625],[-87.15959,41.2763],[-87.16061,41.27595],[-87.19252,41.26521],[-87.19896,41.25961],[-87.21886,41.24203],[-87.21903,41.24289],[-87.2191,41.25977],[-87.21881,41.26102],[-87.21962,41.30405],[-87.22027,41.33333],[-87.22027,41.33361],[-87.22027,41.33429],[-87.22025,41.34699],[-87.21976,41.34732],[-87.21966,41.38368],[-87.21969,41.39099],[-87.21975,41.39458],[-87.21992,41.3965],[-87.21981,41.41161],[-87.21976,41.41949],[-87.2196,41.42017],[-87.21962,41.4346],[-87.21995,41.4707],[-87.22002,41.48498],[-87.22002,41.48514],[-87.22019,41.50705],[-87.22063,41.52161],[-87.22074,41.52493],[-87.22105,41.53611],[-87.22113,41.53944],[-87.2214,41.55064],[-87.22169,41.56144],[-87.22178,41.56506],[-87.22184,41.56954],[-87.22196,41.57438],[-87.22206,41.57986],[-87.22216,41.5894],[-87.22222,41.59403],[-87.22226,41.59412],[-87.22252,41.60981],[-87.22249,41.61035],[-87.22257,41.61721],[-87.22264,41.62417]]]}},{"type":"Feature","properties":{"GEOID":"18129","NAME":"Posey"},"geometry":{"type":"Polygon","coordinates":[[[-88.09776,37.90403],[-88.09448,37.90596],[-88.08624,37.90571],[-88.07145,37.89581],[-88.05816,37.89275],[-88.05537,37.89124],[-88.04493,37.89122],[-88.03599,37.89278],[-88.02914,37.89264],[-88.02482,37.88886],[-88.02028,37.88805],[-88.01515,37.89079],[-88.01448,37.89232],[-88.01336,37.89485],[-88.01782,37.9027],[-88.01998,37.90977],[-88.02006,37.9129],[-88.02251,37.91476],[-88.03185,37.91375],[-88.03638,37.9149],[-88.05192,37.91589],[-88.06302,37.9182],[-88.06822,37.92271],[-88.06961,37.92685],[-88.06756,37.93021],[-88.05977,37.93386],[-88.05476,37.93349],[-88.05279,37.93049],[-88.04866,37.92676],[-88.0413,37.92429],[-88.03535,37.92553],[-88.03042,37.9301],[-88.03612,37.94275],[-88.03679,37.95679],[-88.03199,37.95859],[-88.02087,37.95935],[-88.01631,37.96157],[-88.01293,37.96654],[-88.01257,37.97706],[-88.02286,37.99798],[-88.02583,38.00724],[-88.02522,38.01063],[-88.02513,38.01114],[-88.02243,38.01714],[-88.02093,38.01902],[-88.01693,38.02405],[-88.00863,38.02755],[-88.00763,38.02914],[-88.00893,38.03195],[-88.01213,38.03384],[-88.01763,38.03475],[-88.02773,38.03175],[-88.03413,38.03204],[-88.04023,38.03565],[-88.04158,38.03802],[-88.0417,38.03824],[-88.04214,38.03901],[-88.04213,38.04635],[-88.03783,38.05024],[-88.03263,38.05174],[-88.02063,38.05185],[-88.00133,38.05154],[-87.97874,38.05982],[-87.96723,38.0671],[-87.95797,38.08384],[-87.95666,38.0862],[-87.95746,38.08891],[-87.95751,38.08908],[-87.95982,38.0969],[-87.96046,38.09909],[-87.96221,38.10005],[-87.96803,38.09628],[-88.0047,38.08396],[-88.01139,38.08469],[-88.01463,38.0904],[-88.01673,38.09726],[-88.01312,38.10353],[-87.99831,38.10849],[-87.98307,38.10714],[-87.9753,38.11005],[-87.97377,38.11445],[-87.97427,38.12198],[-87.97098,38.12799],[-87.96946,38.13074],[-87.96576,38.13262],[-87.96048,38.13209],[-87.95587,38.1329],[-87.95069,38.13024],[-87.94747,38.12722],[-87.94547,38.12662],[-87.94044,38.13371],[-87.93514,38.13943],[-87.92942,38.14073],[-87.92663,38.14255],[-87.9255,38.14625],[-87.9269,38.14918],[-87.92827,38.15089],[-87.92589,38.15291],[-87.92365,38.15312],[-87.91684,38.15687],[-87.91518,38.15779],[-87.91143,38.16174],[-87.91062,38.1666],[-87.91255,38.17076],[-87.91567,38.17332],[-87.91906,38.17399],[-87.92065,38.1737],[-87.9229,38.17329],[-87.92529,38.17032],[-87.9259,38.16647],[-87.92451,38.16202],[-87.92639,38.15884],[-87.93121,38.15635],[-87.9343,38.15646],[-87.93525,38.15874],[-87.93376,38.16435],[-87.93644,38.17135],[-87.94049,38.1749],[-87.95892,38.18405],[-87.96986,38.19179],[-87.97582,38.19783],[-87.9782,38.20112],[-87.98397,38.20911],[-87.98516,38.21551],[-87.98563,38.21799],[-87.98487,38.22852],[-87.9837,38.23035],[-87.82743,38.22887],[-87.80858,38.22872],[-87.79917,38.22858],[-87.79962,38.20932],[-87.79968,38.20194],[-87.78494,38.20184],[-87.76705,38.20169],[-87.76262,38.20154],[-87.68821,38.201],[-87.68837,38.16842],[-87.68853,38.16217],[-87.68883,38.1307],[-87.68892,38.12471],[-87.69678,38.12484],[-87.69698,38.11713],[-87.69704,38.11103],[-87.69704,38.10657],[-87.6972,38.09429],[-87.69722,38.09322],[-87.69728,38.09007],[-87.69737,38.0803],[-87.69765,38.06229],[-87.69777,38.05176],[-87.69783,38.04352],[-87.69792,38.0369],[-87.69828,38.01501],[-87.69833,38.00822],[-87.69833,38.00747],[-87.69887,37.98066],[-87.69888,37.98048],[-87.69934,37.95132],[-87.69953,37.93737],[-87.69961,37.92929],[-87.69996,37.9262],[-87.70047,37.89889],[-87.70071,37.89776],[-87.71067,37.8939],[-87.72364,37.89206],[-87.72781,37.89305],[-87.7333,37.89435],[-87.73812,37.8947],[-87.75592,37.89182],[-87.76259,37.89074],[-87.78173,37.87882],[-87.78641,37.87656],[-87.79519,37.87527],[-87.80754,37.87523],[-87.81573,37.87567],[-87.82977,37.87642],[-87.83886,37.88017],[-87.84644,37.88799],[-87.84649,37.89353],[-87.85724,37.90065],[-87.86166,37.90948],[-87.86609,37.91517],[-87.87159,37.92014],[-87.87254,37.921],[-87.87732,37.92403],[-87.88332,37.92624],[-87.88844,37.92719],[-87.89247,37.92793],[-87.89436,37.92779],[-87.89806,37.92751],[-87.90479,37.92489],[-87.90654,37.92314],[-87.92174,37.90789],[-87.92709,37.9017],[-87.92777,37.90092],[-87.93213,37.89732],[-87.93678,37.89259],[-87.93717,37.89215],[-87.93837,37.8908],[-87.94007,37.88767],[-87.94084,37.88334],[-87.94102,37.87917],[-87.94,37.87504],[-87.93813,37.87065],[-87.93623,37.86794],[-87.9273,37.85871],[-87.91489,37.84962],[-87.91028,37.84342],[-87.90777,37.83761],[-87.9038,37.81776],[-87.9046,37.81253],[-87.90681,37.80762],[-87.91109,37.80516],[-87.91914,37.80213],[-87.92754,37.79985],[-87.93255,37.79767],[-87.93494,37.79522],[-87.9347,37.79183],[-87.93586,37.7897],[-87.9386,37.78791],[-87.94451,37.77526],[-87.94646,37.77348],[-87.94859,37.77234],[-87.95259,37.77174],[-87.96003,37.77322],[-87.97026,37.78186],[-87.97181,37.78465],[-87.97639,37.788],[-87.98436,37.7918],[-87.98716,37.7922],[-87.99117,37.79405],[-87.9931,37.79576],[-87.9971,37.79767],[-88.00471,37.80015],[-88.01514,37.80193],[-88.02102,37.80141],[-88.02803,37.79922],[-88.02837,37.80373],[-88.03004,37.80651],[-88.03302,37.80865],[-88.03762,37.80986],[-88.04575,37.80813],[-88.05966,37.8012],[-88.06772,37.80057],[-88.0764,37.80463],[-88.07723,37.80537],[-88.09004,37.81677],[-88.09185,37.82211],[-88.09009,37.82564],[-88.08573,37.82939],[-88.08085,37.8309],[-88.07643,37.83024],[-88.06604,37.82484],[-88.05805,37.82245],[-88.04383,37.82153],[-88.03301,37.82438],[-88.02869,37.82711],[-88.02592,37.83269],[-88.02822,37.83859],[-88.03331,37.84192],[-88.04821,37.84484],[-88.05943,37.84873],[-88.06504,37.85317],[-88.06853,37.85801],[-88.07853,37.87912],[-88.08438,37.88558],[-88.09185,37.89072],[-88.09292,37.89174],[-88.09496,37.89369],[-88.09789,37.90152],[-88.09776,37.90403]]]}},{"type":"Feature","properties":{"GEOID":"18131","NAME":"Pulaski"},"geometry":{"type":"Polygon","coordinates":[[[-86.93093,40.98458],[-86.93087,40.99791],[-86.93062,41.05631],[-86.93057,41.08551],[-86.9305,41.10003],[-86.93033,41.12888],[-86.93039,41.13638],[-86.93047,41.13684],[-86.93037,41.15832],[-86.93028,41.17181],[-86.93017,41.17232],[-86.92952,41.17226],[-86.85281,41.1721],[-86.81439,41.17199],[-86.79872,41.17155],[-86.78316,41.17133],[-86.75659,41.17208],[-86.6985,41.17217],[-86.67433,41.17209],[-86.65978,41.17207],[-86.60221,41.17198],[-86.58285,41.17196],[-86.56318,41.1719],[-86.55366,41.17186],[-86.55132,41.17187],[-86.54866,41.17187],[-86.5472,41.17195],[-86.50075,41.17166],[-86.48632,41.17159],[-86.46705,41.17144],[-86.46721,41.11326],[-86.46741,41.09805],[-86.46722,41.09513],[-86.46722,41.08429],[-86.46722,41.08423],[-86.46751,41.07639],[-86.46751,41.07292],[-86.46734,41.06608],[-86.46782,41.04127],[-86.46756,41.04062],[-86.4677,41.01884],[-86.46793,40.9968],[-86.46795,40.98967],[-86.46851,40.90989],[-86.47276,40.90981],[-86.49734,40.90971],[-86.50002,40.90992],[-86.58153,40.91092],[-86.58388,40.91096],[-86.60192,40.91116],[-86.62021,40.91141],[-86.62021,40.91142],[-86.69674,40.91223],[-86.69972,40.91224],[-86.71087,40.91218],[-86.71129,40.91218],[-86.77585,40.91246],[-86.8151,40.91248],[-86.87276,40.91244],[-86.87875,40.91242],[-86.93076,40.91242],[-86.93094,40.97728],[-86.93093,40.98458]]]}},{"type":"Feature","properties":{"GEOID":"18133","NAME":"Putnam"},"geometry":{"type":"Polygon","coordinates":[[[-87.01454,39.48809],[-87.01426,39.51709],[-87.01397,39.53519],[-87.0136,39.56071],[-87.01306,39.60479],[-87.01304,39.60674],[-87.01194,39.69185],[-87.0119,39.69559],[-87.01167,39.71395],[-87.01133,39.72822],[-87.01079,39.75451],[-87.01065,39.7768],[-87.01076,39.7795],[-87.01075,39.77956],[-87.0106,39.78141],[-87.01043,39.80111],[-87.01014,39.83071],[-87.00991,39.83216],[-87.00948,39.86671],[-86.99251,39.86663],[-86.971,39.86643],[-86.93696,39.86603],[-86.93629,39.8661],[-86.93435,39.86619],[-86.92156,39.86612],[-86.9054,39.86599],[-86.90117,39.86592],[-86.89883,39.86603],[-86.87501,39.86585],[-86.87119,39.86555],[-86.82991,39.86535],[-86.80904,39.86522],[-86.80128,39.86513],[-86.79321,39.86515],[-86.78925,39.86511],[-86.69513,39.86485],[-86.68684,39.86484],[-86.68665,39.82731],[-86.68681,39.81968],[-86.68681,39.77611],[-86.68682,39.76082],[-86.68708,39.71724],[-86.68718,39.68814],[-86.68725,39.67401],[-86.68731,39.65951],[-86.68741,39.63044],[-86.66192,39.63027],[-86.66138,39.63026],[-86.64175,39.63004],[-86.64499,39.62751],[-86.64402,39.62599],[-86.64416,39.62434],[-86.64329,39.62241],[-86.64364,39.62006],[-86.64285,39.61865],[-86.6435,39.61737],[-86.64607,39.61466],[-86.64779,39.61447],[-86.64797,39.6124],[-86.64734,39.61055],[-86.64813,39.60982],[-86.65,39.61112],[-86.65207,39.6099],[-86.65387,39.60793],[-86.65423,39.60628],[-86.65535,39.60477],[-86.65523,39.6036],[-86.65665,39.60139],[-86.65703,39.59931],[-86.65535,39.59677],[-86.65194,39.59569],[-86.65398,39.591],[-86.65415,39.58774],[-86.65591,39.58734],[-86.65543,39.58588],[-86.65801,39.58519],[-86.65703,39.58378],[-86.65902,39.58085],[-86.65835,39.57991],[-86.65959,39.57921],[-86.65856,39.5763],[-86.65553,39.57474],[-86.65684,39.5733],[-86.65858,39.57273],[-86.65693,39.57236],[-86.65666,39.57071],[-86.65455,39.57013],[-86.65554,39.56872],[-86.65494,39.56638],[-86.65351,39.5646],[-86.65142,39.5661],[-86.64903,39.56617],[-86.64832,39.56544],[-86.65122,39.56371],[-86.65006,39.56178],[-86.65081,39.56048],[-86.65315,39.55965],[-86.65129,39.55203],[-86.65141,39.54999],[-86.65394,39.55197],[-86.65497,39.55152],[-86.65641,39.54909],[-86.65785,39.54896],[-86.65816,39.54742],[-86.66095,39.54698],[-86.66147,39.54597],[-86.65984,39.54508],[-86.66178,39.54432],[-86.66325,39.54236],[-86.66228,39.54044],[-86.66404,39.53868],[-86.66756,39.53661],[-86.66694,39.53587],[-86.67155,39.53617],[-86.67273,39.53543],[-86.67038,39.53367],[-86.67378,39.53078],[-86.6729,39.52945],[-86.67477,39.5289],[-86.67721,39.53],[-86.67811,39.52719],[-86.68108,39.52753],[-86.68279,39.52654],[-86.68255,39.52399],[-86.68335,39.52267],[-86.68539,39.5213],[-86.68756,39.5219],[-86.68757,39.51389],[-86.68747,39.49629],[-86.68704,39.48471],[-86.68688,39.47069],[-86.68571,39.47006],[-86.68803,39.4705],[-86.70613,39.47052],[-86.72353,39.4707],[-86.76232,39.47019],[-86.78081,39.47146],[-86.78413,39.47163],[-86.81483,39.47195],[-86.83944,39.47199],[-86.84124,39.47206],[-86.85095,39.47232],[-86.90399,39.47264],[-86.91605,39.47278],[-86.9173,39.47276],[-86.92181,39.47322],[-86.93998,39.47335],[-86.97705,39.4736],[-87.00001,39.47375],[-87.01453,39.47357],[-87.01468,39.47848],[-87.01454,39.48809]]]}},{"type":"Feature","properties":{"GEOID":"18135","NAME":"Randolph"},"geometry":{"type":"Polygon","coordinates":[[[-85.21876,40.30671],[-85.19713,40.30688],[-85.1961,40.3068],[-85.1953,40.30679],[-85.12999,40.30746],[-85.09353,40.30791],[-85.09334,40.30789],[-85.02703,40.30881],[-85.01748,40.309],[-84.91978,40.30941],[-84.90081,40.30941],[-84.80366,40.31009],[-84.80374,40.30245],[-84.80439,40.26742],[-84.80447,40.26263],[-84.80538,40.22378],[-84.80539,40.22362],[-84.8055,40.21887],[-84.80567,40.21159],[-84.80573,40.2088],[-84.80589,40.20199],[-84.80598,40.1985],[-84.80599,40.19796],[-84.80615,40.19259],[-84.8062,40.19108],[-84.80621,40.19048],[-84.8065,40.18017],[-84.80652,40.1793],[-84.80723,40.15384],[-84.80782,40.13141],[-84.80846,40.10719],[-84.80868,40.09707],[-84.80877,40.09264],[-84.80892,40.0857],[-84.80958,40.05545],[-84.81009,40.03434],[-84.81093,40.00508],[-84.81093,40.00508],[-84.8671,40.00602],[-84.88662,40.00629],[-84.89285,40.00636],[-84.89317,40.00516],[-84.93025,40.00531],[-84.95876,40.00528],[-85.0345,40.00484],[-85.05348,40.00481],[-85.05815,40.00477],[-85.12165,40.00426],[-85.12496,40.00414],[-85.12678,40.0042],[-85.20147,40.00452],[-85.2135,40.00438],[-85.21355,40.019],[-85.21394,40.06228],[-85.21439,40.07689],[-85.2149,40.10607],[-85.2156,40.13492],[-85.21585,40.1495],[-85.21587,40.15167],[-85.21587,40.15198],[-85.21591,40.15408],[-85.21601,40.15767],[-85.21591,40.16326],[-85.21639,40.17855],[-85.21647,40.1896],[-85.21694,40.20775],[-85.21743,40.23493],[-85.21774,40.24225],[-85.21814,40.2639],[-85.21852,40.2878],[-85.21862,40.29885],[-85.21864,40.30021],[-85.21872,40.30441],[-85.21876,40.30671]]]}},{"type":"Feature","properties":{"GEOID":"18137","NAME":"Ripley"},"geometry":{"type":"Polygon","coordinates":[[[-85.44466,39.00066],[-85.44405,39.00088],[-85.44371,39.04448],[-85.44351,39.05904],[-85.44336,39.06469],[-85.44314,39.07346],[-85.44277,39.08835],[-85.44187,39.08837],[-85.44124,39.147],[-85.44105,39.16173],[-85.44038,39.18746],[-85.4399,39.19076],[-85.44005,39.19562],[-85.43825,39.19644],[-85.43791,39.19713],[-85.43496,39.19858],[-85.42773,39.20157],[-85.41542,39.20791],[-85.41362,39.20914],[-85.37496,39.22817],[-85.33417,39.24902],[-85.32474,39.25368],[-85.31516,39.25865],[-85.30542,39.26372],[-85.30286,39.26469],[-85.29654,39.26829],[-85.29537,39.26894],[-85.27748,39.27772],[-85.27416,39.27961],[-85.245,39.29454],[-85.24291,39.29546],[-85.23872,39.29781],[-85.22665,39.30388],[-85.21788,39.30847],[-85.21629,39.30848],[-85.20823,39.30852],[-85.20359,39.30855],[-85.18986,39.3087],[-85.18046,39.30972],[-85.17053,39.30988],[-85.15172,39.30999],[-85.13692,39.3102],[-85.13271,39.31041],[-85.09669,39.31015],[-85.07629,39.30999],[-85.0651,39.31007],[-85.06557,39.30723],[-85.06991,39.28489],[-85.07,39.28471],[-85.07452,39.26062],[-85.0776,39.24467],[-85.07908,39.23696],[-85.08187,39.22227],[-85.08486,39.20626],[-85.088,39.18896],[-85.091,39.17276],[-85.09587,39.14626],[-85.09982,39.12405],[-85.1007,39.11953],[-85.10597,39.09022],[-85.10588,39.09016],[-85.11311,39.05059],[-85.11711,39.02929],[-85.11822,39.02443],[-85.11956,39.01716],[-85.12198,39.00227],[-85.12529,38.98626],[-85.12626,38.98244],[-85.12612,38.9814],[-85.12845,38.96924],[-85.13251,38.94805],[-85.13583,38.92958],[-85.20285,38.92852],[-85.20317,38.9138],[-85.23438,38.91395],[-85.24562,38.914],[-85.29657,38.91384],[-85.35035,38.91367],[-85.36662,38.91343],[-85.36786,38.91352],[-85.41632,38.91311],[-85.4449,38.913],[-85.44466,39.00066]]]}},{"type":"Feature","properties":{"GEOID":"18139","NAME":"Rush"},"geometry":{"type":"Polygon","coordinates":[[[-85.63349,39.78618],[-85.6205,39.78634],[-85.60152,39.78655],[-85.59692,39.78652],[-85.54866,39.7868],[-85.54819,39.78671],[-85.52498,39.78685],[-85.52488,39.78685],[-85.52252,39.78686],[-85.49407,39.78717],[-85.47489,39.78727],[-85.44785,39.78743],[-85.40979,39.78731],[-85.40921,39.78731],[-85.31955,39.78736],[-85.30526,39.78753],[-85.30158,39.78758],[-85.30105,39.71519],[-85.30092,39.70075],[-85.30121,39.69996],[-85.30066,39.66373],[-85.30019,39.63018],[-85.30018,39.62972],[-85.30016,39.62731],[-85.3001,39.62285],[-85.3001,39.62234],[-85.29982,39.61268],[-85.29963,39.61238],[-85.2994,39.60322],[-85.29927,39.59869],[-85.29811,39.52548],[-85.29861,39.52547],[-85.29757,39.45327],[-85.37617,39.4531],[-85.39459,39.45287],[-85.40459,39.45313],[-85.41369,39.45312],[-85.44166,39.45325],[-85.45957,39.4532],[-85.46004,39.45273],[-85.50712,39.45276],[-85.51181,39.4527],[-85.51655,39.45265],[-85.52943,39.4525],[-85.53458,39.45264],[-85.55442,39.45249],[-85.57275,39.45234],[-85.57281,39.45321],[-85.61106,39.45334],[-85.62933,39.45275],[-85.62936,39.4531],[-85.6306,39.51794],[-85.63071,39.52527],[-85.63112,39.54004],[-85.63156,39.56938],[-85.63222,39.61116],[-85.63277,39.62571],[-85.63282,39.65617],[-85.6325,39.69846],[-85.63323,39.69846],[-85.63265,39.74204],[-85.63276,39.76387],[-85.63327,39.77115],[-85.63349,39.78618]]]}},{"type":"Feature","properties":{"GEOID":"18143","NAME":"Scott"},"geometry":{"type":"Polygon","coordinates":[[[-85.88833,38.73444],[-85.88599,38.73501],[-85.88601,38.73395],[-85.8876,38.73306],[-85.88767,38.73177],[-85.88655,38.73049],[-85.88298,38.73116],[-85.88226,38.73067],[-85.88374,38.72893],[-85.88393,38.7273],[-85.88237,38.72535],[-85.8814,38.72503],[-85.87991,38.72541],[-85.87877,38.72663],[-85.88047,38.72807],[-85.87921,38.72935],[-85.87678,38.72841],[-85.87432,38.72837],[-85.87298,38.72631],[-85.86956,38.72617],[-85.86912,38.72729],[-85.87164,38.72864],[-85.87088,38.72954],[-85.8681,38.73059],[-85.8665,38.72931],[-85.86446,38.72986],[-85.8611,38.73192],[-85.85867,38.73003],[-85.85637,38.73138],[-85.85447,38.73488],[-85.85143,38.7363],[-85.8481,38.73482],[-85.84723,38.7353],[-85.84817,38.7383],[-85.84367,38.73869],[-85.84233,38.73935],[-85.8416,38.74114],[-85.84333,38.74278],[-85.84336,38.74476],[-85.84067,38.74717],[-85.83936,38.74705],[-85.83728,38.74879],[-85.83714,38.75129],[-85.83591,38.75205],[-85.83407,38.75086],[-85.83235,38.75182],[-85.83235,38.75395],[-85.83115,38.75575],[-85.83004,38.75861],[-85.83037,38.76261],[-85.82981,38.76423],[-85.82787,38.76611],[-85.82551,38.76726],[-85.82586,38.76871],[-85.82344,38.76992],[-85.82229,38.77057],[-85.82235,38.77213],[-85.82083,38.77387],[-85.81943,38.7765],[-85.81735,38.77788],[-85.81364,38.77769],[-85.81189,38.77973],[-85.81084,38.77943],[-85.8111,38.77785],[-85.80952,38.77766],[-85.80491,38.77954],[-85.80584,38.78162],[-85.80561,38.78325],[-85.80678,38.78583],[-85.80725,38.78938],[-85.80531,38.792],[-85.80463,38.79548],[-85.80197,38.79657],[-85.80206,38.79779],[-85.79981,38.80131],[-85.8001,38.80296],[-85.79767,38.80454],[-85.79536,38.80751],[-85.79428,38.80827],[-85.792,38.80763],[-85.79115,38.80854],[-85.78922,38.80699],[-85.78342,38.80714],[-85.78255,38.80751],[-85.78123,38.81081],[-85.77947,38.81268],[-85.77582,38.81291],[-85.77406,38.8117],[-85.77266,38.80961],[-85.77105,38.80975],[-85.76921,38.81096],[-85.76915,38.81289],[-85.76821,38.81513],[-85.76344,38.81538],[-85.76201,38.81368],[-85.75987,38.81469],[-85.75718,38.81512],[-85.75829,38.81883],[-85.75504,38.82041],[-85.75302,38.82077],[-85.75127,38.82018],[-85.74952,38.8154],[-85.74703,38.81541],[-85.74767,38.81871],[-85.74831,38.81933],[-85.74747,38.82227],[-85.74596,38.82282],[-85.74451,38.82176],[-85.7451,38.81947],[-85.74328,38.81869],[-85.73993,38.81934],[-85.73691,38.8205],[-85.73486,38.82291],[-85.73085,38.8246],[-85.73062,38.82666],[-85.7315,38.82758],[-85.73469,38.82886],[-85.73536,38.82998],[-85.73475,38.83129],[-85.73319,38.83181],[-85.73105,38.83111],[-85.72919,38.82873],[-85.72676,38.82696],[-85.72655,38.82451],[-85.72319,38.82303],[-85.71918,38.82319],[-85.71821,38.82378],[-85.71915,38.82623],[-85.71552,38.82822],[-85.71263,38.82845],[-85.71026,38.82752],[-85.70906,38.82589],[-85.70619,38.8244],[-85.70572,38.8231],[-85.70663,38.82127],[-85.70575,38.8188],[-85.70326,38.81658],[-85.69999,38.81813],[-85.69853,38.81781],[-85.69899,38.81548],[-85.69724,38.81479],[-85.69466,38.81747],[-85.69103,38.81596],[-85.68384,38.81541],[-85.68402,38.8129],[-85.68403,38.81275],[-85.68334,38.73673],[-85.66436,38.73689],[-85.66427,38.73002],[-85.64622,38.72986],[-85.64599,38.72609],[-85.64598,38.71796],[-85.64569,38.7152],[-85.64576,38.70802],[-85.60868,38.70786],[-85.60819,38.67874],[-85.57093,38.67845],[-85.57062,38.65856],[-85.57055,38.6498],[-85.56998,38.60616],[-85.63273,38.60558],[-85.64272,38.60563],[-85.66124,38.60556],[-85.67033,38.60573],[-85.71972,38.60554],[-85.72383,38.60553],[-85.74996,38.60585],[-85.7554,38.60562],[-85.76548,38.60548],[-85.78136,38.60508],[-85.79358,38.60481],[-85.79363,38.59033],[-85.80314,38.59026],[-85.80299,38.58301],[-85.81234,38.58291],[-85.81216,38.57555],[-85.82146,38.57539],[-85.82116,38.56142],[-85.84789,38.56127],[-85.84844,38.56163],[-85.84857,38.56206],[-85.8487,38.57515],[-85.84857,38.57627],[-85.87332,38.57555],[-85.87497,38.57534],[-85.88564,38.57541],[-85.88683,38.64879],[-85.88811,38.64879],[-85.88774,38.6805],[-85.88786,38.68151],[-85.88811,38.6999],[-85.88795,38.70625],[-85.88833,38.73444]]]}},{"type":"Feature","properties":{"GEOID":"18145","NAME":"Shelby"},"geometry":{"type":"Polygon","coordinates":[[[-85.95276,39.41974],[-85.95255,39.43592],[-85.95094,39.43609],[-85.95122,39.45067],[-85.95152,39.45464],[-85.9508,39.49522],[-85.95139,39.52313],[-85.9517,39.52311],[-85.95192,39.53787],[-85.95183,39.55269],[-85.95247,39.60079],[-85.95252,39.60915],[-85.95234,39.63499],[-85.95208,39.63835],[-85.9521,39.64473],[-85.95208,39.66128],[-85.95207,39.66907],[-85.95209,39.66963],[-85.95173,39.69705],[-85.95172,39.69714],[-85.89621,39.69842],[-85.89589,39.69845],[-85.85708,39.69832],[-85.83888,39.6984],[-85.83825,39.6984],[-85.83039,39.69848],[-85.82157,39.69857],[-85.82009,39.69859],[-85.81883,39.69876],[-85.81608,39.69877],[-85.80961,39.69881],[-85.79888,39.69887],[-85.78347,39.69896],[-85.76808,39.69907],[-85.745,39.69884],[-85.74423,39.69885],[-85.73723,39.69882],[-85.73549,39.69882],[-85.72539,39.69885],[-85.7158,39.69884],[-85.70642,39.69874],[-85.70566,39.69887],[-85.63323,39.69846],[-85.6325,39.69846],[-85.63282,39.65617],[-85.63277,39.62571],[-85.63222,39.61116],[-85.63156,39.56938],[-85.63112,39.54004],[-85.63071,39.52527],[-85.6306,39.51794],[-85.62936,39.4531],[-85.62933,39.45275],[-85.62925,39.43879],[-85.62978,39.43858],[-85.62998,39.43342],[-85.62999,39.43299],[-85.62999,39.43278],[-85.63004,39.42722],[-85.63028,39.42615],[-85.63026,39.42369],[-85.63011,39.41635],[-85.63028,39.3794],[-85.63063,39.35021],[-85.68452,39.35005],[-85.7187,39.35006],[-85.74177,39.35019],[-85.77038,39.35023],[-85.79878,39.35019],[-85.85406,39.3495],[-85.85746,39.34931],[-85.87057,39.34925],[-85.87094,39.34926],[-85.94235,39.3476],[-85.94264,39.34759],[-85.94282,39.34758],[-85.952,39.34737],[-85.95238,39.35463],[-85.95242,39.35566],[-85.9527,39.36189],[-85.9528,39.3655],[-85.95276,39.41974]]]}},{"type":"Feature","properties":{"GEOID":"18147","NAME":"Spencer"},"geometry":{"type":"Polygon","coordinates":[[[-87.26844,37.87916],[-87.26808,37.91912],[-87.26795,37.92517],[-87.26631,37.92685],[-87.26462,37.92938],[-87.25979,37.93326],[-87.25833,37.93542],[-87.25187,37.94232],[-87.25011,37.94354],[-87.24824,37.94398],[-87.24649,37.94547],[-87.24426,37.94866],[-87.24092,37.95227],[-87.23906,37.9523],[-87.23804,37.9503],[-87.23483,37.94981],[-87.2319,37.94812],[-87.23166,37.94908],[-87.23289,37.95014],[-87.23268,37.95132],[-87.23086,37.95198],[-87.23147,37.95577],[-87.23081,37.95626],[-87.22919,37.95563],[-87.22983,37.95929],[-87.22908,37.96024],[-87.22807,37.9615],[-87.2301,37.96454],[-87.23004,37.96605],[-87.22766,37.96975],[-87.2257,37.97167],[-87.22346,37.97205],[-87.22033,37.9727],[-87.21719,37.97476],[-87.21411,37.9759],[-87.21222,37.97773],[-87.20727,37.98148],[-87.20338,37.98363],[-87.20148,37.98525],[-87.19622,37.98745],[-87.19466,37.98957],[-87.19178,37.9919],[-87.1895,37.99307],[-87.1858,37.99652],[-87.18493,37.9993],[-87.18378,38.00075],[-87.18303,38.00276],[-87.17949,38.00068],[-87.17589,38.00266],[-87.17482,38.00474],[-87.17551,38.00671],[-87.17633,38.00719],[-87.18055,38.00727],[-87.18233,38.00816],[-87.18319,38.01016],[-87.18228,38.01077],[-87.17863,38.00971],[-87.17399,38.00949],[-87.17034,38.01092],[-87.16931,38.01316],[-87.17041,38.01641],[-87.16971,38.0178],[-87.16848,38.01847],[-87.1658,38.01851],[-87.16168,38.01795],[-87.15839,38.01705],[-87.15589,38.01768],[-87.1536,38.0195],[-87.15287,38.02055],[-87.15279,38.02358],[-87.15357,38.02501],[-87.1561,38.02658],[-87.15934,38.02699],[-87.16285,38.02667],[-87.16602,38.02824],[-87.16635,38.02952],[-87.16536,38.03095],[-87.16099,38.03278],[-87.15944,38.03254],[-87.159,38.03113],[-87.15769,38.02996],[-87.15652,38.02999],[-87.15456,38.03148],[-87.15377,38.03307],[-87.15429,38.03619],[-87.15627,38.03748],[-87.15678,38.03917],[-87.15607,38.04156],[-87.15309,38.04493],[-87.15109,38.04674],[-87.15242,38.04777],[-87.15214,38.05045],[-87.1535,38.05359],[-87.15312,38.0543],[-87.14791,38.059],[-87.14536,38.05878],[-87.13907,38.05706],[-87.13646,38.05544],[-87.13336,38.05523],[-87.13277,38.05454],[-87.13251,38.05175],[-87.13144,38.04986],[-87.12796,38.04792],[-87.12688,38.04568],[-87.12544,38.04414],[-87.12429,38.04391],[-87.11861,38.04541],[-87.11578,38.0469],[-87.1139,38.047],[-87.11124,38.04625],[-87.10548,38.04699],[-87.10296,38.04647],[-87.09957,38.0486],[-87.09518,38.04831],[-87.09356,38.05036],[-87.09274,38.04911],[-87.09096,38.04869],[-87.08842,38.04981],[-87.08882,38.05312],[-87.09054,38.05342],[-87.09105,38.05515],[-87.09376,38.05437],[-87.09382,38.05611],[-87.09763,38.05678],[-87.09792,38.05933],[-87.09535,38.06463],[-87.09492,38.06631],[-87.09332,38.06871],[-87.09242,38.07104],[-87.09256,38.07441],[-87.0918,38.07816],[-87.09062,38.08027],[-87.08898,38.08082],[-87.08845,38.08193],[-87.08924,38.08275],[-87.08759,38.08552],[-87.08596,38.08643],[-87.08533,38.08881],[-87.08224,38.08985],[-87.0828,38.09282],[-87.08127,38.09427],[-87.07924,38.09391],[-87.07667,38.09629],[-87.07516,38.09641],[-87.07478,38.09905],[-87.07361,38.10038],[-87.07374,38.10128],[-87.07576,38.10193],[-87.07624,38.10401],[-87.07506,38.10613],[-87.07251,38.1066],[-87.07326,38.10954],[-87.07227,38.1111],[-87.07231,38.11266],[-87.07376,38.11385],[-87.07296,38.11727],[-87.07233,38.11828],[-87.07026,38.11808],[-87.01803,38.11828],[-87.01745,38.1183],[-87.01754,38.13664],[-87.01764,38.16009],[-87.01769,38.17028],[-87.01749,38.20358],[-86.99836,38.20338],[-86.94252,38.20293],[-86.9422,38.20292],[-86.93812,38.20311],[-86.92368,38.20303],[-86.90422,38.2041],[-86.88868,38.20445],[-86.86598,38.20496],[-86.7915,38.20513],[-86.79132,38.18007],[-86.79307,38.18063],[-86.7979,38.18035],[-86.79939,38.18093],[-86.80357,38.18143],[-86.80312,38.17802],[-86.80217,38.17658],[-86.80361,38.17453],[-86.80216,38.17331],[-86.80195,38.17207],[-86.80269,38.17038],[-86.80028,38.16841],[-86.79832,38.16805],[-86.79893,38.16574],[-86.79835,38.16446],[-86.79954,38.16263],[-86.79845,38.16167],[-86.79836,38.16018],[-86.79668,38.16005],[-86.79536,38.15782],[-86.79548,38.15688],[-86.79764,38.15629],[-86.79753,38.15424],[-86.79894,38.15201],[-86.80085,38.15258],[-86.80152,38.15172],[-86.80103,38.14958],[-86.80251,38.14849],[-86.80311,38.14708],[-86.80481,38.14749],[-86.80452,38.1455],[-86.80623,38.14271],[-86.80534,38.14188],[-86.80341,38.14173],[-86.80199,38.14001],[-86.80042,38.1396],[-86.79945,38.13754],[-86.79979,38.13628],[-86.80251,38.13537],[-86.80288,38.13434],[-86.7988,38.13186],[-86.79755,38.12994],[-86.79853,38.12863],[-86.79749,38.12709],[-86.79496,38.12587],[-86.79529,38.12327],[-86.79774,38.12191],[-86.80233,38.12118],[-86.80698,38.11847],[-86.80715,38.11784],[-86.80479,38.11711],[-86.80489,38.11595],[-86.80339,38.11465],[-86.80406,38.11335],[-86.80054,38.11066],[-86.79917,38.11232],[-86.79806,38.11196],[-86.79593,38.1135],[-86.7973,38.11482],[-86.79615,38.11563],[-86.79482,38.11487],[-86.79414,38.11543],[-86.79449,38.117],[-86.79245,38.11664],[-86.7904,38.11278],[-86.78914,38.11129],[-86.78638,38.11242],[-86.78442,38.11036],[-86.78435,38.10968],[-86.7866,38.1071],[-86.7881,38.10633],[-86.78784,38.10471],[-86.78536,38.10419],[-86.78503,38.10251],[-86.78399,38.10413],[-86.78285,38.10375],[-86.78294,38.10205],[-86.78035,38.10153],[-86.77813,38.10272],[-86.77528,38.10505],[-86.77285,38.10556],[-86.77278,38.10201],[-86.77018,38.10162],[-86.76861,38.10279],[-86.76811,38.10012],[-86.76972,38.09876],[-86.76843,38.09749],[-86.76928,38.09549],[-86.76721,38.09435],[-86.76771,38.09176],[-86.76945,38.09063],[-86.76986,38.08888],[-86.76923,38.08732],[-86.76975,38.08656],[-86.77144,38.08763],[-86.77272,38.08753],[-86.7719,38.08554],[-86.77311,38.08311],[-86.77582,38.08165],[-86.77754,38.08],[-86.78076,38.07844],[-86.77898,38.07729],[-86.77837,38.07538],[-86.77541,38.07216],[-86.77417,38.06918],[-86.77399,38.06763],[-86.77245,38.06637],[-86.77165,38.06381],[-86.77037,38.06309],[-86.7698,38.06139],[-86.7682,38.06063],[-86.76892,38.05907],[-86.76687,38.05809],[-86.7652,38.05834],[-86.76735,38.05692],[-86.7716,38.05557],[-86.7749,38.0537],[-86.77527,38.05252],[-86.77696,38.05197],[-86.77913,38.05332],[-86.78061,38.05304],[-86.78072,38.05203],[-86.77879,38.05007],[-86.78263,38.04844],[-86.77919,38.04723],[-86.78028,38.04551],[-86.77968,38.04388],[-86.78213,38.04247],[-86.78264,38.04425],[-86.78436,38.04337],[-86.7869,38.04054],[-86.78515,38.03856],[-86.78185,38.04042],[-86.7801,38.04011],[-86.77971,38.03762],[-86.78256,38.03724],[-86.78309,38.0362],[-86.77905,38.0356],[-86.77728,38.03334],[-86.77695,38.03075],[-86.77487,38.03245],[-86.7757,38.03402],[-86.7744,38.03388],[-86.77093,38.03111],[-86.76793,38.0307],[-86.76716,38.03018],[-86.76707,38.02918],[-86.76832,38.02945],[-86.77133,38.02859],[-86.77426,38.02929],[-86.77719,38.02923],[-86.78099,38.02821],[-86.78198,38.02617],[-86.78042,38.02442],[-86.77629,38.02472],[-86.77578,38.02404],[-86.77658,38.02227],[-86.77661,38.01989],[-86.77581,38.01829],[-86.77542,38.01519],[-86.77596,38.01198],[-86.77787,38.01006],[-86.7751,38.01064],[-86.7739,38.00917],[-86.77421,38.00657],[-86.77309,38.00551],[-86.77126,38.00097],[-86.77227,37.99828],[-86.77561,37.9982],[-86.77834,37.99934],[-86.78487,37.99994],[-86.78682,38.00068],[-86.78807,38.00177],[-86.79052,38.00363],[-86.79148,38.0055],[-86.79172,38.00923],[-86.79511,38.01283],[-86.7964,38.01479],[-86.79829,38.01553],[-86.80071,38.01485],[-86.80245,38.0132],[-86.80098,38.01047],[-86.80193,38.0074],[-86.80554,38.00288],[-86.80827,38.00095],[-86.81168,38.00045],[-86.81348,37.99817],[-86.81468,37.99864],[-86.81527,37.99888],[-86.82007,37.99939],[-86.82349,37.99894],[-86.83516,37.99375],[-86.84903,37.99002],[-86.85595,37.98729],[-86.86322,37.9825],[-86.86903,37.97689],[-86.87587,37.97077],[-86.87936,37.96927],[-86.88648,37.96307],[-86.89029,37.95743],[-86.90198,37.94645],[-86.90726,37.94333],[-86.90932,37.94211],[-86.91795,37.93724],[-86.92583,37.93511],[-86.93336,37.93494],[-86.94463,37.93353],[-86.96479,37.93238],[-86.968,37.933],[-86.97883,37.93023],[-86.97896,37.9302],[-87.0033,37.9224],[-87.01237,37.91871],[-87.01806,37.91546],[-87.03417,37.90626],[-87.03668,37.90414],[-87.04016,37.90122],[-87.0452,37.89433],[-87.04615,37.89154],[-87.04596,37.88863],[-87.04589,37.88757],[-87.04564,37.88697],[-87.04422,37.88358],[-87.04341,37.87994],[-87.04308,37.87554],[-87.04305,37.87505],[-87.04294,37.87181],[-87.04328,37.86855],[-87.04751,37.85875],[-87.05155,37.84561],[-87.05446,37.83532],[-87.05666,37.82753],[-87.05958,37.8222],[-87.06207,37.81418],[-87.06805,37.80422],[-87.06968,37.80151],[-87.07713,37.79561],[-87.07904,37.7941],[-87.08928,37.78786],[-87.09603,37.78526],[-87.09862,37.78476],[-87.09922,37.78464],[-87.10965,37.78262],[-87.10966,37.78262],[-87.11101,37.78235],[-87.11859,37.78282],[-87.12271,37.78388],[-87.12609,37.78475],[-87.12809,37.7858],[-87.12892,37.78624],[-87.12963,37.78661],[-87.1342,37.79294],[-87.13398,37.79512],[-87.13539,37.79785],[-87.13548,37.80188],[-87.13704,37.80719],[-87.14151,37.81632],[-87.14352,37.81902],[-87.14803,37.82507],[-87.15216,37.83061],[-87.15349,37.83238],[-87.15626,37.83593],[-87.16232,37.84016],[-87.16475,37.84135],[-87.17036,37.8422],[-87.17584,37.84102],[-87.20387,37.84449],[-87.21175,37.8466],[-87.22034,37.84908],[-87.23459,37.85722],[-87.24948,37.86499],[-87.25647,37.8684],[-87.26798,37.87743],[-87.26902,37.87797],[-87.26844,37.87916]]]}},{"type":"Feature","properties":{"GEOID":"18141","NAME":"St. Joseph"},"geometry":{"type":"Polygon","coordinates":[[[-86.52601,41.6723],[-86.52564,41.68723],[-86.52541,41.69458],[-86.52531,41.70187],[-86.52525,41.70362],[-86.52504,41.70812],[-86.52503,41.70828],[-86.52499,41.70925],[-86.52472,41.72341],[-86.52446,41.74217],[-86.52422,41.75946],[-86.51932,41.75945],[-86.50177,41.75955],[-86.47441,41.75963],[-86.45523,41.75968],[-86.42618,41.75976],[-86.41458,41.75979],[-86.36073,41.75994],[-86.35079,41.75997],[-86.34105,41.76],[-86.33199,41.76002],[-86.32364,41.76005],[-86.31304,41.76008],[-86.30382,41.7601],[-86.27249,41.76019],[-86.27243,41.76019],[-86.2655,41.76021],[-86.24619,41.76011],[-86.24111,41.76009],[-86.2261,41.76002],[-86.22607,41.76002],[-86.21759,41.76002],[-86.21754,41.76002],[-86.17875,41.76027],[-86.17867,41.76027],[-86.17181,41.76031],[-86.15723,41.7604],[-86.12784,41.76059],[-86.12546,41.76056],[-86.12506,41.76058],[-86.10847,41.76056],[-86.10846,41.76056],[-86.08842,41.76055],[-86.06257,41.76053],[-86.06247,41.75347],[-86.06234,41.74258],[-86.06223,41.73135],[-86.06216,41.72444],[-86.062,41.70993],[-86.06188,41.69588],[-86.06173,41.69542],[-86.06157,41.69216],[-86.06148,41.68663],[-86.06136,41.6805],[-86.06135,41.68012],[-86.06133,41.6786],[-86.0611,41.66658],[-86.06109,41.66413],[-86.06113,41.66267],[-86.06109,41.65937],[-86.06092,41.65392],[-86.06082,41.65156],[-86.06108,41.65068],[-86.06052,41.60896],[-86.06065,41.6084],[-86.06052,41.58653],[-86.06003,41.55035],[-86.05979,41.53591],[-86.05962,41.52885],[-86.05944,41.52146],[-86.05945,41.47915],[-86.11776,41.47902],[-86.12737,41.47938],[-86.15625,41.47922],[-86.18504,41.47881],[-86.23357,41.47886],[-86.27345,41.47869],[-86.28168,41.47869],[-86.28633,41.4787],[-86.28651,41.47729],[-86.29115,41.47723],[-86.30633,41.47707],[-86.30651,41.47822],[-86.32984,41.4781],[-86.349,41.47782],[-86.42574,41.47666],[-86.43513,41.47685],[-86.46711,41.47646],[-86.46707,41.47286],[-86.46707,41.46869],[-86.46667,41.46194],[-86.46666,41.46012],[-86.46664,41.45107],[-86.46665,41.44121],[-86.4666,41.43297],[-86.48889,41.43302],[-86.49075,41.43291],[-86.4956,41.43289],[-86.52471,41.43289],[-86.52471,41.47665],[-86.52473,41.48902],[-86.52515,41.48952],[-86.52494,41.51967],[-86.52115,41.51991],[-86.50361,41.51953],[-86.50227,41.51983],[-86.50029,41.52101],[-86.5003,41.52822],[-86.49814,41.53141],[-86.49838,41.54842],[-86.49816,41.56108],[-86.49512,41.56342],[-86.48643,41.57055],[-86.48648,41.58872],[-86.48638,41.59586],[-86.48645,41.59631],[-86.48655,41.59954],[-86.48661,41.60702],[-86.48646,41.61639],[-86.48699,41.64171],[-86.48757,41.64932],[-86.52668,41.65044],[-86.52601,41.6723]]]}},{"type":"Feature","properties":{"GEOID":"18149","NAME":"Starke"},"geometry":{"type":"Polygon","coordinates":[[[-86.92965,41.22971],[-86.93008,41.2368],[-86.92054,41.24503],[-86.91532,41.24592],[-86.90842,41.24913],[-86.89724,41.25462],[-86.89311,41.25532],[-86.89095,41.25637],[-86.88586,41.25765],[-86.877,41.26019],[-86.87329,41.26327],[-86.87027,41.26455],[-86.86042,41.26564],[-86.85522,41.26584],[-86.84881,41.26679],[-86.84695,41.26734],[-86.8439,41.26852],[-86.84155,41.27066],[-86.83926,41.27202],[-86.82849,41.27113],[-86.82367,41.27207],[-86.82185,41.27222],[-86.81465,41.2735],[-86.78347,41.28547],[-86.76134,41.30762],[-86.74867,41.31525],[-86.74631,41.317],[-86.73999,41.32171],[-86.73743,41.32595],[-86.73716,41.33337],[-86.73478,41.33882],[-86.72864,41.34609],[-86.72727,41.34784],[-86.72449,41.35257],[-86.72378,41.36036],[-86.72348,41.36101],[-86.72083,41.36525],[-86.71941,41.36696],[-86.7136,41.37288],[-86.71175,41.37535],[-86.70772,41.38099],[-86.70724,41.38271],[-86.70591,41.39085],[-86.70535,41.39249],[-86.70142,41.40043],[-86.69998,41.40265],[-86.69667,41.40453],[-86.68109,41.41199],[-86.67115,41.41378],[-86.64254,41.43264],[-86.5823,41.43274],[-86.52471,41.43289],[-86.4956,41.43289],[-86.49075,41.43291],[-86.48889,41.43302],[-86.4666,41.43297],[-86.46649,41.41726],[-86.46633,41.41062],[-86.46635,41.40391],[-86.46629,41.37482],[-86.46628,41.36481],[-86.4664,41.36423],[-86.46633,41.34577],[-86.46652,41.30223],[-86.46657,41.27372],[-86.46669,41.25862],[-86.46705,41.17144],[-86.48632,41.17159],[-86.50075,41.17166],[-86.5472,41.17195],[-86.54866,41.17187],[-86.55132,41.17187],[-86.55366,41.17186],[-86.56318,41.1719],[-86.58285,41.17196],[-86.60221,41.17198],[-86.65978,41.17207],[-86.67433,41.17209],[-86.6985,41.17217],[-86.75659,41.17208],[-86.78316,41.17133],[-86.79872,41.17155],[-86.81439,41.17199],[-86.85281,41.1721],[-86.92952,41.17226],[-86.93017,41.17232],[-86.92965,41.22971]]]}},{"type":"Feature","properties":{"GEOID":"18151","NAME":"Steuben"},"geometry":{"type":"Polygon","coordinates":[[[-85.19664,41.75973],[-85.17489,41.75963],[-85.17223,41.75962],[-85.1231,41.75974],[-85.11727,41.7597],[-85.08397,41.75982],[-85.05854,41.75992],[-85.04917,41.75995],[-85.03944,41.75999],[-85.03789,41.75981],[-85.03782,41.7598],[-85.03416,41.75978],[-85.01978,41.75968],[-84.98984,41.75948],[-84.9728,41.75937],[-84.97155,41.75953],[-84.97138,41.75953],[-84.96156,41.75955],[-84.96086,41.75944],[-84.9606,41.75944],[-84.94247,41.7596],[-84.93248,41.75969],[-84.93238,41.75969],[-84.93237,41.75969],[-84.91772,41.75973],[-84.86013,41.75989],[-84.8252,41.75999],[-84.82513,41.75999],[-84.81887,41.76006],[-84.80588,41.76022],[-84.80588,41.76017],[-84.80613,41.74312],[-84.80607,41.7376],[-84.80607,41.73291],[-84.80604,41.72054],[-84.80602,41.70748],[-84.80601,41.70274],[-84.806,41.69612],[-84.80597,41.69612],[-84.80605,41.68906],[-84.80621,41.67458],[-84.80599,41.65285],[-84.80586,41.64014],[-84.80568,41.62845],[-84.80567,41.61916],[-84.80567,41.61644],[-84.80566,41.61158],[-84.80535,41.58528],[-84.80483,41.54188],[-84.80469,41.53031],[-84.80469,41.53013],[-84.81176,41.53025],[-84.85442,41.52943],[-84.87493,41.52903],[-84.89709,41.52869],[-84.90151,41.52836],[-84.90508,41.52839],[-84.91207,41.52853],[-84.91462,41.52857],[-84.91602,41.52851],[-84.91748,41.52855],[-84.9217,41.52846],[-84.93134,41.52838],[-84.9685,41.52806],[-85.00688,41.52748],[-85.04483,41.52723],[-85.04602,41.52722],[-85.04935,41.5272],[-85.05545,41.52716],[-85.05577,41.52716],[-85.05668,41.52716],[-85.07264,41.52705],[-85.07476,41.52704],[-85.08081,41.52701],[-85.09531,41.52693],[-85.12451,41.52681],[-85.13869,41.52673],[-85.19408,41.52644],[-85.19393,41.54758],[-85.19425,41.57756],[-85.19446,41.57991],[-85.19428,41.58824],[-85.19429,41.59356],[-85.19423,41.59935],[-85.19424,41.5995],[-85.19446,41.6128],[-85.1947,41.62737],[-85.19485,41.64231],[-85.19576,41.70025],[-85.19574,41.71484],[-85.19586,41.72207],[-85.19582,41.72731],[-85.19595,41.73153],[-85.19627,41.73208],[-85.19627,41.7339],[-85.19632,41.73657],[-85.19677,41.75974],[-85.19664,41.75973]]]}},{"type":"Feature","properties":{"GEOID":"18153","NAME":"Sullivan"},"geometry":{"type":"Polygon","coordinates":[[[-87.6582,39.1384],[-87.6532,39.14399],[-87.65326,39.14771],[-87.65172,39.1506],[-87.64497,39.1543],[-87.64217,39.1571],[-87.63744,39.15677],[-87.63438,39.15342],[-87.63157,39.15299],[-87.62874,39.15392],[-87.62774,39.15623],[-87.62937,39.15753],[-87.63038,39.15834],[-87.63743,39.15902],[-87.64141,39.16035],[-87.64207,39.16248],[-87.64043,39.16673],[-87.63649,39.16883],[-87.62502,39.1693],[-87.62052,39.17033],[-87.6194,39.17207],[-87.61941,39.17209],[-87.6208,39.17479],[-87.6214,39.17887],[-87.62043,39.18502],[-87.6204,39.1852],[-87.61855,39.1864],[-87.61105,39.18409],[-87.60517,39.1859],[-87.60304,39.1913],[-87.6001,39.19344],[-87.59415,39.19493],[-87.58659,39.19963],[-87.58498,39.20528],[-87.57703,39.21112],[-87.57456,39.2184],[-87.57761,39.23918],[-87.57932,39.24355],[-87.57822,39.24479],[-87.57307,39.24669],[-87.57133,39.25138],[-87.57344,39.25458],[-87.58065,39.25524],[-87.58518,39.25314],[-87.58716,39.24962],[-87.59111,39.24726],[-87.59349,39.24745],[-87.59813,39.25409],[-87.60411,39.25946],[-87.566,39.25931],[-87.56533,39.25919],[-87.56374,39.25936],[-87.50484,39.25937],[-87.4606,39.25932],[-87.44492,39.25932],[-87.40756,39.25906],[-87.38881,39.25904],[-87.38768,39.25922],[-87.38184,39.25898],[-87.36401,39.25908],[-87.35133,39.25919],[-87.26016,39.25915],[-87.2592,39.25915],[-87.24825,39.25913],[-87.24782,39.25912],[-87.24038,39.25906],[-87.24062,39.2372],[-87.24046,39.23427],[-87.24055,39.21543],[-87.24065,39.20024],[-87.2407,39.18622],[-87.24074,39.17177],[-87.24083,39.15652],[-87.24084,39.14263],[-87.2409,39.12085],[-87.24106,39.10079],[-87.24096,39.09902],[-87.24092,39.0844],[-87.24085,39.03833],[-87.2408,39.03088],[-87.24075,39.00906],[-87.24052,39.00754],[-87.24049,39.00086],[-87.2408,39.00012],[-87.2408,38.99448],[-87.24067,38.98124],[-87.24101,38.97971],[-87.24098,38.97306],[-87.24069,38.96691],[-87.24083,38.9653],[-87.24078,38.96502],[-87.24083,38.96129],[-87.24103,38.90787],[-87.24107,38.90159],[-87.27835,38.90166],[-87.31245,38.9018],[-87.31412,38.90173],[-87.33701,38.90179],[-87.35429,38.90164],[-87.37303,38.90198],[-87.37502,38.90175],[-87.39237,38.90183],[-87.42556,38.90202],[-87.44822,38.90231],[-87.44872,38.9023],[-87.52251,38.90239],[-87.51801,38.9027],[-87.51673,38.90412],[-87.51773,38.90567],[-87.52431,38.90519],[-87.52729,38.90722],[-87.52789,38.9092],[-87.52603,38.91361],[-87.5277,38.91845],[-87.52606,38.92135],[-87.52063,38.92166],[-87.51883,38.92321],[-87.51879,38.92784],[-87.51798,38.92978],[-87.51663,38.93299],[-87.51735,38.93494],[-87.52185,38.94007],[-87.52128,38.94184],[-87.51958,38.94312],[-87.51634,38.94556],[-87.51293,38.95013],[-87.51219,38.95442],[-87.51335,38.956],[-87.51742,38.95816],[-87.52061,38.95984],[-87.52496,38.96384],[-87.527,38.96883],[-87.5295,38.97192],[-87.54244,38.97559],[-87.54803,38.9785],[-87.56028,38.98137],[-87.57653,38.98671],[-87.57849,38.98975],[-87.57698,38.99127],[-87.5734,38.99143],[-87.56519,38.9888],[-87.56204,38.98947],[-87.56043,38.99242],[-87.56289,38.99443],[-87.56709,38.99354],[-87.57542,38.99648],[-87.57865,38.9995],[-87.57889,39.00241],[-87.57376,39.00868],[-87.5697,39.01941],[-87.56987,39.02311],[-87.57503,39.03406],[-87.58025,39.03938],[-87.58021,39.04194],[-87.57255,39.05006],[-87.57259,39.05729],[-87.5787,39.0617],[-87.58355,39.06795],[-87.59013,39.07227],[-87.59152,39.07318],[-87.59556,39.07898],[-87.6011,39.0814],[-87.6107,39.08123],[-87.61596,39.08257],[-87.61819,39.08502],[-87.62098,39.0881],[-87.62039,39.09152],[-87.61547,39.09577],[-87.61395,39.09954],[-87.61488,39.10265],[-87.61839,39.10428],[-87.63265,39.10491],[-87.63859,39.10589],[-87.64461,39.10443],[-87.64917,39.1048],[-87.6528,39.10684],[-87.65484,39.11055],[-87.65504,39.11092],[-87.65418,39.11338],[-87.65102,39.11644],[-87.64159,39.11454],[-87.6359,39.11833],[-87.63497,39.12009],[-87.6351,39.1223],[-87.63799,39.12343],[-87.64089,39.12277],[-87.64217,39.12321],[-87.64205,39.12504],[-87.64315,39.12856],[-87.64617,39.12989],[-87.6515,39.13082],[-87.65524,39.13228],[-87.65874,39.136],[-87.6582,39.1384]]]}},{"type":"Feature","properties":{"GEOID":"18155","NAME":"Switzerland"},"geometry":{"type":"Polygon","coordinates":[[[-85.20359,38.81692],[-85.20312,38.82573],[-85.20284,38.83177],[-85.20285,38.84184],[-85.20285,38.84202],[-85.20317,38.9138],[-85.20285,38.92852],[-85.13583,38.92958],[-85.14031,38.90319],[-85.1336,38.90337],[-85.10007,38.90301],[-85.04666,38.903],[-85.04417,38.903],[-85.04396,38.90193],[-85.0256,38.9018],[-85.00986,38.90154],[-84.9501,38.90112],[-84.93111,38.90098],[-84.87116,38.90168],[-84.87057,38.90095],[-84.87012,38.90039],[-84.86778,38.89913],[-84.86076,38.89765],[-84.86006,38.89764],[-84.83047,38.89726],[-84.82865,38.89696],[-84.81694,38.89507],[-84.81275,38.89513],[-84.80108,38.89134],[-84.80025,38.89107],[-84.79248,38.88674],[-84.78641,38.88222],[-84.78523,38.88044],[-84.78458,38.87532],[-84.7858,38.8695],[-84.7883,38.86433],[-84.791,38.86057],[-84.79371,38.85779],[-84.79483,38.8572],[-84.79846,38.85528],[-84.80325,38.85072],[-84.81717,38.84342],[-84.8227,38.83965],[-84.82336,38.8392],[-84.82749,38.83491],[-84.82996,38.83063],[-84.82996,38.83042],[-84.82989,38.82541],[-84.8271,38.81863],[-84.81651,38.80532],[-84.81164,38.79277],[-84.81175,38.78917],[-84.81288,38.78609],[-84.81316,38.78583],[-84.81464,38.78449],[-84.82138,38.78311],[-84.82886,38.78327],[-84.83781,38.78491],[-84.85287,38.78938],[-84.86199,38.79109],[-84.87683,38.79247],[-84.87722,38.7925],[-84.88729,38.79478],[-84.89393,38.7937],[-84.89644,38.79273],[-84.90344,38.79002],[-84.90815,38.78765],[-84.91523,38.78409],[-84.92642,38.78048],[-84.93298,38.77752],[-84.94364,38.77543],[-84.94795,38.77549],[-84.96225,38.77818],[-84.98,38.77958],[-84.99011,38.7787],[-84.99193,38.77854],[-84.99309,38.77799],[-84.99995,38.77472],[-85.01099,38.76703],[-85.02343,38.7621],[-85.03317,38.75824],[-85.04094,38.75516],[-85.0524,38.74814],[-85.05578,38.74684],[-85.05968,38.74534],[-85.06366,38.74411],[-85.07193,38.74157],[-85.07954,38.7369],[-85.09442,38.72922],[-85.09773,38.72751],[-85.1014,38.72655],[-85.10698,38.72163],[-85.1069,38.72079],[-85.11377,38.71632],[-85.12524,38.70886],[-85.12792,38.7065],[-85.13199,38.70292],[-85.1367,38.70024],[-85.15616,38.69225],[-85.17305,38.68802],[-85.17657,38.68846],[-85.17863,38.68831],[-85.18012,38.6882],[-85.18864,38.68758],[-85.19211,38.68909],[-85.20145,38.69105],[-85.20189,38.70377],[-85.20297,38.77042],[-85.2031,38.77376],[-85.20354,38.79697],[-85.20359,38.81692]]]}},{"type":"Feature","properties":{"GEOID":"18157","NAME":"Tippecanoe"},"geometry":{"type":"Polygon","coordinates":[[[-87.09536,40.56289],[-87.00205,40.56231],[-87.0012,40.56221],[-86.9916,40.56213],[-86.98155,40.56199],[-86.94401,40.56171],[-86.92495,40.56159],[-86.86899,40.56167],[-86.81719,40.56209],[-86.77129,40.56208],[-86.6976,40.56188],[-86.69535,40.56187],[-86.6953,40.55628],[-86.69528,40.54742],[-86.69516,40.53313],[-86.69516,40.5326],[-86.6949,40.48204],[-86.69482,40.47508],[-86.69477,40.46804],[-86.69467,40.43216],[-86.69467,40.38865],[-86.69483,40.3668],[-86.69516,40.31589],[-86.69517,40.30133],[-86.69516,40.3012],[-86.69525,40.25821],[-86.69529,40.24877],[-86.6953,40.24343],[-86.69564,40.21437],[-86.74282,40.21451],[-86.80948,40.21486],[-86.86648,40.21491],[-86.87598,40.21493],[-86.92334,40.21505],[-86.93748,40.21501],[-86.94086,40.21481],[-86.96111,40.21488],[-87.03571,40.21474],[-87.09256,40.21481],[-87.09253,40.22931],[-87.09253,40.24368],[-87.09223,40.24944],[-87.09265,40.25004],[-87.09271,40.25839],[-87.09252,40.30156],[-87.0922,40.35342],[-87.09215,40.36661],[-87.09183,40.3759],[-87.09217,40.38074],[-87.09226,40.38817],[-87.09291,40.38817],[-87.09289,40.42245],[-87.09273,40.44597],[-87.09281,40.46784],[-87.09277,40.47574],[-87.09368,40.47575],[-87.09363,40.48121],[-87.09356,40.48429],[-87.09386,40.48694],[-87.09394,40.49414],[-87.09425,40.50692],[-87.09536,40.56289]]]}},{"type":"Feature","properties":{"GEOID":"18159","NAME":"Tipton"},"geometry":{"type":"Polygon","coordinates":[[[-86.24299,40.37366],[-86.24281,40.40291],[-86.23644,40.40297],[-86.22228,40.40315],[-86.18413,40.40356],[-86.12711,40.40434],[-86.06999,40.40506],[-85.99457,40.40598],[-85.97551,40.40623],[-85.91866,40.40652],[-85.86212,40.40689],[-85.8623,40.37837],[-85.86159,40.33474],[-85.86126,40.3057],[-85.86024,40.3057],[-85.86039,40.29145],[-85.86062,40.28177],[-85.8607,40.27834],[-85.8607,40.27832],[-85.86073,40.27695],[-85.86076,40.2751],[-85.86079,40.27333],[-85.86092,40.26244],[-85.86116,40.22531],[-85.8619,40.21894],[-85.96643,40.21828],[-85.99608,40.21815],[-86.01314,40.21804],[-86.02245,40.21796],[-86.03493,40.21786],[-86.06903,40.21763],[-86.12797,40.21721],[-86.12823,40.21721],[-86.24274,40.21583],[-86.24256,40.23021],[-86.24273,40.23157],[-86.24245,40.24489],[-86.24229,40.24993],[-86.2426,40.27367],[-86.24276,40.30876],[-86.24289,40.33748],[-86.24295,40.34474],[-86.24299,40.37366]]]}},{"type":"Feature","properties":{"GEOID":"18161","NAME":"Union"},"geometry":{"type":"Polygon","coordinates":[[[-85.0361,39.56916],[-85.03602,39.57663],[-85.03599,39.58385],[-85.03593,39.61347],[-85.03508,39.63512],[-85.03496,39.65707],[-85.03458,39.71476],[-85.03441,39.72926],[-84.96911,39.72897],[-84.96952,39.7268],[-84.96535,39.72675],[-84.96182,39.72678],[-84.92772,39.72665],[-84.81438,39.72662],[-84.81439,39.72401],[-84.81461,39.68024],[-84.81459,39.66891],[-84.81464,39.65585],[-84.81465,39.65377],[-84.81468,39.64441],[-84.8147,39.63777],[-84.81471,39.62846],[-84.81474,39.62483],[-84.8148,39.61596],[-84.81495,39.59568],[-84.81512,39.57375],[-84.81512,39.57295],[-84.81516,39.56835],[-84.81494,39.56771],[-84.81489,39.56755],[-84.81497,39.56515],[-84.81498,39.56472],[-84.81516,39.55985],[-84.81516,39.54869],[-84.81535,39.52314],[-84.81537,39.52195],[-84.82336,39.52215],[-84.84878,39.5232],[-84.91033,39.52408],[-84.92904,39.52441],[-84.94701,39.52423],[-85.02282,39.52438],[-85.02248,39.52613],[-85.03609,39.52621],[-85.03632,39.54052],[-85.0361,39.56916]]]}},{"type":"Feature","properties":{"GEOID":"18163","NAME":"Vanderburgh"},"geometry":{"type":"Polygon","coordinates":[[[-87.70047,37.89889],[-87.69996,37.9262],[-87.69961,37.92929],[-87.69953,37.93737],[-87.69934,37.95132],[-87.69888,37.98048],[-87.69887,37.98066],[-87.69833,38.00747],[-87.69833,38.00822],[-87.69828,38.01501],[-87.69792,38.0369],[-87.69783,38.04352],[-87.69777,38.05176],[-87.69765,38.06229],[-87.69737,38.0803],[-87.69728,38.09007],[-87.69722,38.09322],[-87.6972,38.09429],[-87.69704,38.10657],[-87.69704,38.11103],[-87.69698,38.11713],[-87.69678,38.12484],[-87.68892,38.12471],[-87.68883,38.1307],[-87.68853,38.16217],[-87.68837,38.16842],[-87.66377,38.16834],[-87.59668,38.16745],[-87.57796,38.16693],[-87.55036,38.16693],[-87.53734,38.16692],[-87.53074,38.16667],[-87.52706,38.16635],[-87.46728,38.1654],[-87.46789,38.13634],[-87.46812,38.12552],[-87.46795,38.1217],[-87.47209,38.12174],[-87.47258,38.09202],[-87.47243,38.089],[-87.4725,38.07816],[-87.47303,38.04942],[-87.47322,38.04232],[-87.47297,38.03618],[-87.47301,38.03513],[-87.47069,38.03502],[-87.46122,38.03495],[-87.44987,38.03517],[-87.44996,38.0344],[-87.45003,38.0339],[-87.4495,38.00556],[-87.44944,38.00453],[-87.44942,38.00405],[-87.44951,38.00344],[-87.44991,37.9912],[-87.45028,37.98367],[-87.45001,37.97668],[-87.4502,37.96947],[-87.45051,37.95753],[-87.45057,37.95504],[-87.45071,37.94776],[-87.45093,37.94245],[-87.45117,37.94108],[-87.46551,37.93369],[-87.46965,37.9309],[-87.48068,37.92345],[-87.48245,37.92226],[-87.49689,37.91117],[-87.50536,37.90762],[-87.50748,37.90673],[-87.5115,37.90643],[-87.52028,37.91262],[-87.53153,37.9163],[-87.54815,37.92397],[-87.54847,37.92412],[-87.55128,37.92542],[-87.55657,37.92861],[-87.56207,37.93329],[-87.5683,37.94063],[-87.57215,37.94663],[-87.57312,37.94998],[-87.57319,37.95023],[-87.57361,37.95164],[-87.57699,37.95229],[-87.57449,37.95721],[-87.5741,37.96211],[-87.57533,37.96639],[-87.57573,37.96778],[-87.57918,37.97153],[-87.58455,37.97466],[-87.58814,37.97519],[-87.59002,37.97547],[-87.59617,37.97486],[-87.60071,37.97187],[-87.60157,37.9713],[-87.6033,37.96729],[-87.60331,37.96693],[-87.60345,37.96028],[-87.60559,37.95014],[-87.60791,37.94697],[-87.61061,37.94483],[-87.61523,37.94117],[-87.61905,37.93852],[-87.61762,37.93706],[-87.61873,37.93393],[-87.62141,37.93131],[-87.62339,37.93045],[-87.62527,37.92962],[-87.62789,37.92225],[-87.62559,37.91603],[-87.62244,37.91212],[-87.6208,37.90768],[-87.61179,37.9014],[-87.60771,37.89936],[-87.60197,37.89572],[-87.59712,37.89239],[-87.58897,37.88624],[-87.58714,37.88486],[-87.58423,37.87906],[-87.58374,37.87808],[-87.58392,37.87248],[-87.5863,37.87249],[-87.58639,37.87054],[-87.58804,37.86898],[-87.5892,37.86375],[-87.59047,37.86313],[-87.59146,37.86037],[-87.59027,37.85858],[-87.59608,37.85116],[-87.59786,37.84774],[-87.59921,37.84665],[-87.6009,37.84529],[-87.6066,37.83867],[-87.60718,37.83819],[-87.61243,37.83384],[-87.615,37.83222],[-87.6154,37.83197],[-87.62501,37.82908],[-87.63581,37.82702],[-87.63634,37.82696],[-87.6374,37.82684],[-87.64586,37.8259],[-87.65517,37.82604],[-87.66652,37.82746],[-87.6724,37.82913],[-87.67554,37.83173],[-87.67919,37.83632],[-87.68069,37.84062],[-87.6819,37.84641],[-87.68163,37.85592],[-87.6754,37.86595],[-87.66682,37.87985],[-87.66438,37.88674],[-87.66433,37.88907],[-87.66526,37.89285],[-87.66684,37.89576],[-87.67176,37.8998],[-87.67913,37.90295],[-87.6834,37.9036],[-87.68464,37.90341],[-87.68705,37.90305],[-87.70071,37.89776],[-87.70047,37.89889]]]}},{"type":"Feature","properties":{"GEOID":"18165","NAME":"Vermillion"},"geometry":{"type":"Polygon","coordinates":[[[-87.53326,39.87198],[-87.53319,39.883],[-87.53301,39.91036],[-87.533,39.91252],[-87.53275,39.94501],[-87.53274,39.947],[-87.53273,39.94877],[-87.53269,39.95613],[-87.53262,39.97124],[-87.53243,39.98605],[-87.53236,39.99161],[-87.53236,39.99998],[-87.53235,40.01183],[-87.53235,40.02656],[-87.53219,40.05615],[-87.53217,40.0588],[-87.53195,40.08886],[-87.53188,40.0975],[-87.53183,40.10339],[-87.53171,40.11782],[-87.53171,40.11806],[-87.53165,40.12552],[-87.5315,40.14277],[-87.53146,40.14799],[-87.53146,40.14813],[-87.49045,40.14842],[-87.49041,40.12741],[-87.47123,40.12732],[-87.45982,40.12734],[-87.40667,40.12751],[-87.40722,40.12208],[-87.40776,40.1186],[-87.40731,40.11326],[-87.4074,40.10871],[-87.40794,40.10648],[-87.41202,40.10106],[-87.41299,40.09936],[-87.41358,40.09658],[-87.41369,40.09251],[-87.41236,40.08858],[-87.41214,40.08651],[-87.41364,40.07935],[-87.41597,40.0725],[-87.41621,40.06538],[-87.41744,40.05868],[-87.41861,40.05615],[-87.42101,40.05392],[-87.42592,40.0513],[-87.42906,40.04994],[-87.4315,40.04775],[-87.43152,40.04663],[-87.43086,40.04505],[-87.42888,40.04331],[-87.42469,40.04112],[-87.42422,40.03987],[-87.42508,40.03823],[-87.42957,40.03489],[-87.43138,40.03293],[-87.43379,40.02905],[-87.43495,40.02644],[-87.4354,40.02351],[-87.43536,40.01784],[-87.43362,40.00203],[-87.43334,40.00107],[-87.43339,39.99419],[-87.43149,39.99036],[-87.42773,39.9867],[-87.42739,39.98194],[-87.42854,39.97659],[-87.43049,39.97104],[-87.43173,39.96869],[-87.43392,39.96632],[-87.4386,39.96287],[-87.44026,39.9603],[-87.43939,39.95906],[-87.4348,39.95636],[-87.4314,39.95509],[-87.42888,39.9548],[-87.42381,39.9565],[-87.42208,39.9564],[-87.42022,39.95245],[-87.4204,39.95051],[-87.42139,39.94671],[-87.42316,39.94368],[-87.42951,39.93811],[-87.43367,39.93516],[-87.43412,39.93333],[-87.43319,39.93138],[-87.43113,39.92957],[-87.4247,39.92661],[-87.42217,39.92594],[-87.41907,39.92571],[-87.41758,39.92612],[-87.41188,39.92871],[-87.40803,39.92894],[-87.4068,39.92848],[-87.40479,39.92595],[-87.40519,39.92378],[-87.41044,39.92068],[-87.41257,39.91959],[-87.41331,39.91838],[-87.40983,39.91351],[-87.4076,39.91193],[-87.40496,39.91086],[-87.39943,39.90959],[-87.39198,39.9069],[-87.3845,39.90633],[-87.37994,39.90396],[-87.37859,39.90277],[-87.37322,39.89679],[-87.36886,39.89047],[-87.36802,39.88862],[-87.36784,39.88587],[-87.36997,39.88219],[-87.37098,39.88148],[-87.37757,39.87883],[-87.37871,39.87797],[-87.37901,39.87616],[-87.37689,39.87351],[-87.36799,39.86765],[-87.36548,39.86688],[-87.3598,39.86611],[-87.35606,39.86472],[-87.35462,39.86357],[-87.35386,39.86208],[-87.35433,39.86],[-87.35597,39.85865],[-87.35997,39.8571],[-87.36153,39.85463],[-87.36178,39.85146],[-87.36344,39.84753],[-87.36639,39.84287],[-87.37008,39.83923],[-87.37317,39.8377],[-87.38041,39.8372],[-87.38304,39.83619],[-87.38488,39.8347],[-87.38554,39.83337],[-87.38564,39.83042],[-87.38537,39.82419],[-87.38517,39.81998],[-87.38519,39.81268],[-87.38468,39.80869],[-87.38356,39.80482],[-87.38116,39.80025],[-87.37905,39.79745],[-87.37671,39.79539],[-87.3746,39.79243],[-87.37416,39.783],[-87.37428,39.77784],[-87.37695,39.7718],[-87.37944,39.76949],[-87.38057,39.76677],[-87.38032,39.76499],[-87.38001,39.76417],[-87.37977,39.75792],[-87.37717,39.74611],[-87.37749,39.74157],[-87.37879,39.73733],[-87.37991,39.73046],[-87.38116,39.72676],[-87.38214,39.72487],[-87.38353,39.72198],[-87.38442,39.71857],[-87.38408,39.71594],[-87.38315,39.71359],[-87.38018,39.71099],[-87.37973,39.71002],[-87.37991,39.70703],[-87.3827,39.70325],[-87.38536,39.70107],[-87.38558,39.70007],[-87.3826,39.69565],[-87.38152,39.6934],[-87.38409,39.68921],[-87.384,39.6859],[-87.38545,39.6825],[-87.38936,39.67819],[-87.39015,39.67659],[-87.39067,39.67341],[-87.38865,39.66986],[-87.38811,39.66747],[-87.38876,39.66389],[-87.39014,39.6618],[-87.39387,39.65915],[-87.39433,39.65869],[-87.3952,39.65643],[-87.39592,39.65404],[-87.39584,39.65145],[-87.3952,39.64881],[-87.39183,39.6437],[-87.39148,39.64221],[-87.39242,39.63705],[-87.39233,39.63537],[-87.3906,39.63114],[-87.38902,39.62821],[-87.38629,39.62504],[-87.3826,39.6197],[-87.38144,39.61735],[-87.38129,39.61587],[-87.38242,39.60794],[-87.41722,39.60774],[-87.43725,39.60764],[-87.46572,39.60754],[-87.46622,39.60744],[-87.50012,39.60732],[-87.51422,39.6073],[-87.52344,39.60729],[-87.53219,39.60731],[-87.5323,39.63611],[-87.53267,39.66491],[-87.53267,39.66491],[-87.53267,39.66512],[-87.53278,39.69447],[-87.53284,39.70882],[-87.53292,39.73076],[-87.53315,39.78066],[-87.53314,39.79626],[-87.53313,39.81098],[-87.53313,39.82333],[-87.53312,39.8326],[-87.53319,39.85338],[-87.53326,39.87198]]]}},{"type":"Feature","properties":{"GEOID":"18167","NAME":"Vigo"},"geometry":{"type":"Polygon","coordinates":[[[-87.62049,39.30713],[-87.61261,39.30857],[-87.60592,39.31108],[-87.60066,39.31853],[-87.59673,39.32203],[-87.59023,39.33207],[-87.58908,39.33383],[-87.58485,39.33733],[-87.57408,39.34142],[-87.56069,39.33885],[-87.5544,39.34049],[-87.55026,39.34335],[-87.54969,39.34657],[-87.54948,39.34774],[-87.54588,39.35215],[-87.54401,39.35291],[-87.54038,39.35295],[-87.53727,39.35209],[-87.53242,39.34793],[-87.53168,39.34806],[-87.53165,39.34806],[-87.53167,39.35971],[-87.53169,39.37104],[-87.53142,39.37504],[-87.53137,39.41058],[-87.53141,39.43666],[-87.53141,39.4375],[-87.53141,39.43856],[-87.53166,39.47711],[-87.53168,39.48014],[-87.53172,39.48644],[-87.53193,39.52036],[-87.53194,39.52335],[-87.53197,39.53506],[-87.53198,39.5454],[-87.53203,39.56835],[-87.53207,39.57843],[-87.53213,39.59298],[-87.53219,39.60731],[-87.52344,39.60729],[-87.51422,39.6073],[-87.50012,39.60732],[-87.46622,39.60744],[-87.46572,39.60754],[-87.43725,39.60764],[-87.41722,39.60774],[-87.38242,39.60794],[-87.38119,39.60794],[-87.38044,39.60802],[-87.31431,39.60825],[-87.2956,39.60815],[-87.29165,39.60812],[-87.25282,39.60789],[-87.23873,39.60768],[-87.21306,39.60732],[-87.19901,39.60714],[-87.19921,39.58831],[-87.20011,39.51986],[-87.23896,39.52062],[-87.23907,39.50653],[-87.23915,39.5041],[-87.23908,39.50016],[-87.23925,39.49663],[-87.23923,39.4846],[-87.23922,39.46455],[-87.23932,39.46265],[-87.23946,39.44592],[-87.23956,39.44503],[-87.23955,39.43582],[-87.23956,39.43356],[-87.23964,39.42025],[-87.23956,39.41904],[-87.23983,39.34664],[-87.24012,39.30278],[-87.24032,39.26646],[-87.24038,39.25906],[-87.24782,39.25912],[-87.24825,39.25913],[-87.2592,39.25915],[-87.26016,39.25915],[-87.35133,39.25919],[-87.36401,39.25908],[-87.38184,39.25898],[-87.38768,39.25922],[-87.38881,39.25904],[-87.40756,39.25906],[-87.44492,39.25932],[-87.4606,39.25932],[-87.50484,39.25937],[-87.56374,39.25936],[-87.56533,39.25919],[-87.566,39.25931],[-87.60411,39.25946],[-87.60413,39.25947],[-87.60495,39.26021],[-87.60557,39.2624],[-87.6015,39.27224],[-87.60195,39.27517],[-87.60734,39.27621],[-87.60944,39.27853],[-87.60992,39.28142],[-87.60875,39.28669],[-87.59991,39.29358],[-87.59732,39.29696],[-87.59842,39.30009],[-87.60535,39.30322],[-87.615,39.3009],[-87.61896,39.30169],[-87.62118,39.30416],[-87.62049,39.30713]]]}},{"type":"Feature","properties":{"GEOID":"18169","NAME":"Wabash"},"geometry":{"type":"Polygon","coordinates":[[[-85.94644,40.9992],[-85.9454,40.99926],[-85.94556,41.04288],[-85.92633,41.04258],[-85.90748,41.04293],[-85.87225,41.04305],[-85.79581,41.04359],[-85.74839,41.04483],[-85.73565,41.04494],[-85.7326,41.04514],[-85.7002,41.04568],[-85.68418,41.04672],[-85.68335,41.00905],[-85.6832,41.00191],[-85.64384,41.0023],[-85.64372,40.98839],[-85.64234,40.91474],[-85.64198,40.91474],[-85.64135,40.8707],[-85.64098,40.84973],[-85.64188,40.8479],[-85.6414,40.82721],[-85.64007,40.75891],[-85.64022,40.75749],[-85.6399,40.74051],[-85.64008,40.7405],[-85.63956,40.69665],[-85.63859,40.65313],[-85.67552,40.65282],[-85.73726,40.65257],[-85.74305,40.65217],[-85.75294,40.65239],[-85.75642,40.65205],[-85.76017,40.65238],[-85.77189,40.65229],[-85.77632,40.6524],[-85.78852,40.65224],[-85.83632,40.65192],[-85.83893,40.65172],[-85.85715,40.65136],[-85.86214,40.65172],[-85.86479,40.65169],[-85.92047,40.65114],[-85.93953,40.65099],[-85.94007,40.68638],[-85.94081,40.72071],[-85.94109,40.73727],[-85.94148,40.76956],[-85.94177,40.77225],[-85.94178,40.77252],[-85.94226,40.82348],[-85.94312,40.86727],[-85.94343,40.88174],[-85.94374,40.89634],[-85.94411,40.91381],[-85.94471,40.94279],[-85.94543,40.96475],[-85.94644,40.9992]]]}},{"type":"Feature","properties":{"GEOID":"18171","NAME":"Warren"},"geometry":{"type":"Polygon","coordinates":[[[-87.53145,40.14829],[-87.53113,40.16999],[-87.53102,40.17719],[-87.53082,40.19036],[-87.53078,40.19396],[-87.53071,40.19941],[-87.53056,40.21168],[-87.53051,40.21478],[-87.53021,40.23598],[-87.53021,40.23599],[-87.52998,40.252],[-87.52971,40.27229],[-87.52953,40.2866],[-87.52943,40.29377],[-87.52928,40.3036],[-87.52885,40.33057],[-87.52816,40.37418],[-87.52795,40.38851],[-87.52794,40.38896],[-87.52729,40.4327],[-87.52712,40.44436],[-87.5266,40.47688],[-87.43504,40.47671],[-87.3972,40.47688],[-87.37799,40.47679],[-87.32133,40.4764],[-87.26408,40.47625],[-87.20695,40.47566],[-87.17839,40.47563],[-87.09368,40.47575],[-87.09277,40.47574],[-87.09281,40.46784],[-87.09273,40.44597],[-87.09289,40.42245],[-87.09291,40.38817],[-87.09226,40.38817],[-87.09217,40.38074],[-87.09183,40.3759],[-87.09215,40.36661],[-87.09361,40.36627],[-87.09634,40.36667],[-87.10347,40.3614],[-87.10434,40.36004],[-87.10415,40.35862],[-87.10488,40.35628],[-87.10626,40.35486],[-87.11812,40.34806],[-87.12135,40.34696],[-87.1258,40.345],[-87.13152,40.34059],[-87.13622,40.33872],[-87.14067,40.33848],[-87.14345,40.33786],[-87.14984,40.33562],[-87.15415,40.33472],[-87.15851,40.33608],[-87.16459,40.33483],[-87.16675,40.33496],[-87.1679,40.33495],[-87.17013,40.33483],[-87.17102,40.33455],[-87.17332,40.33396],[-87.17441,40.33347],[-87.17586,40.33234],[-87.17856,40.33034],[-87.18246,40.32831],[-87.18761,40.3264],[-87.19691,40.32407],[-87.2006,40.32299],[-87.2063,40.32243],[-87.20956,40.32073],[-87.21763,40.31788],[-87.23143,40.31168],[-87.2341,40.31074],[-87.23745,40.31011],[-87.24202,40.3098],[-87.2449,40.30925],[-87.24651,40.30833],[-87.24785,40.30669],[-87.24816,40.30183],[-87.24859,40.3005],[-87.24929,40.29961],[-87.25401,40.29637],[-87.25488,40.29548],[-87.25504,40.29536],[-87.25858,40.29265],[-87.26468,40.288],[-87.2698,40.2864],[-87.27556,40.28372],[-87.28138,40.27839],[-87.28195,40.2776],[-87.28894,40.26534],[-87.29419,40.25797],[-87.29636,40.25555],[-87.29961,40.25497],[-87.30142,40.25484],[-87.30645,40.2529],[-87.31189,40.25004],[-87.31632,40.24668],[-87.31712,40.24378],[-87.3191,40.24047],[-87.32072,40.23896],[-87.32854,40.2354],[-87.33067,40.23329],[-87.33291,40.22873],[-87.33641,40.22502],[-87.33786,40.22387],[-87.33927,40.22317],[-87.34359,40.22238],[-87.34555,40.22071],[-87.34681,40.2179],[-87.34793,40.2168],[-87.35126,40.21653],[-87.35311,40.21592],[-87.35631,40.21184],[-87.3584,40.21053],[-87.36955,40.20748],[-87.377,40.20633],[-87.38679,40.20433],[-87.39299,40.20273],[-87.39695,40.20005],[-87.39795,40.19928],[-87.40388,40.19603],[-87.40926,40.19459],[-87.4153,40.19403],[-87.4199,40.19226],[-87.42159,40.18998],[-87.42167,40.18785],[-87.42274,40.18548],[-87.42587,40.18081],[-87.428,40.17829],[-87.43117,40.17488],[-87.43709,40.16971],[-87.43876,40.16569],[-87.43877,40.16446],[-87.4373,40.16281],[-87.4362,40.15734],[-87.43494,40.15494],[-87.43347,40.1535],[-87.42876,40.15065],[-87.41867,40.1473],[-87.41507,40.14517],[-87.40947,40.14331],[-87.40735,40.14217],[-87.40598,40.14068],[-87.40503,40.13876],[-87.40489,40.13556],[-87.40652,40.13115],[-87.40667,40.12751],[-87.45982,40.12734],[-87.47123,40.12732],[-87.49041,40.12741],[-87.49045,40.14842],[-87.53146,40.14813],[-87.53145,40.14829]]]}},{"type":"Feature","properties":{"GEOID":"18173","NAME":"Warrick"},"geometry":{"type":"Polygon","coordinates":[[[-87.47303,38.04942],[-87.4725,38.07816],[-87.47243,38.089],[-87.47258,38.09202],[-87.47209,38.12174],[-87.46795,38.1217],[-87.46812,38.12552],[-87.46789,38.13634],[-87.46728,38.1654],[-87.46721,38.16957],[-87.46674,38.20129],[-87.35514,38.20162],[-87.34981,38.20152],[-87.34303,38.20157],[-87.32694,38.20164],[-87.31703,38.20175],[-87.31702,38.20455],[-87.31689,38.24608],[-87.29822,38.24589],[-87.29839,38.23167],[-87.24277,38.23113],[-87.24123,38.23101],[-87.23286,38.23094],[-87.20965,38.23131],[-87.19981,38.23104],[-87.18609,38.23128],[-87.1663,38.23165],[-87.16273,38.23163],[-87.14911,38.23225],[-87.12568,38.23291],[-87.125,38.23295],[-87.07307,38.2326],[-87.07314,38.20382],[-87.01749,38.20358],[-87.01769,38.17028],[-87.01764,38.16009],[-87.01754,38.13664],[-87.01745,38.1183],[-87.01803,38.11828],[-87.07026,38.11808],[-87.07233,38.11828],[-87.07296,38.11727],[-87.07376,38.11385],[-87.07231,38.11266],[-87.07227,38.1111],[-87.07326,38.10954],[-87.07251,38.1066],[-87.07506,38.10613],[-87.07624,38.10401],[-87.07576,38.10193],[-87.07374,38.10128],[-87.07361,38.10038],[-87.07478,38.09905],[-87.07516,38.09641],[-87.07667,38.09629],[-87.07924,38.09391],[-87.08127,38.09427],[-87.0828,38.09282],[-87.08224,38.08985],[-87.08533,38.08881],[-87.08596,38.08643],[-87.08759,38.08552],[-87.08924,38.08275],[-87.08845,38.08193],[-87.08898,38.08082],[-87.09062,38.08027],[-87.0918,38.07816],[-87.09256,38.07441],[-87.09242,38.07104],[-87.09332,38.06871],[-87.09492,38.06631],[-87.09535,38.06463],[-87.09792,38.05933],[-87.09763,38.05678],[-87.09382,38.05611],[-87.09376,38.05437],[-87.09105,38.05515],[-87.09054,38.05342],[-87.08882,38.05312],[-87.08842,38.04981],[-87.09096,38.04869],[-87.09274,38.04911],[-87.09356,38.05036],[-87.09518,38.04831],[-87.09957,38.0486],[-87.10296,38.04647],[-87.10548,38.04699],[-87.11124,38.04625],[-87.1139,38.047],[-87.11578,38.0469],[-87.11861,38.04541],[-87.12429,38.04391],[-87.12544,38.04414],[-87.12688,38.04568],[-87.12796,38.04792],[-87.13144,38.04986],[-87.13251,38.05175],[-87.13277,38.05454],[-87.13336,38.05523],[-87.13646,38.05544],[-87.13907,38.05706],[-87.14536,38.05878],[-87.14791,38.059],[-87.15312,38.0543],[-87.1535,38.05359],[-87.15214,38.05045],[-87.15242,38.04777],[-87.15109,38.04674],[-87.15309,38.04493],[-87.15607,38.04156],[-87.15678,38.03917],[-87.15627,38.03748],[-87.15429,38.03619],[-87.15377,38.03307],[-87.15456,38.03148],[-87.15652,38.02999],[-87.15769,38.02996],[-87.159,38.03113],[-87.15944,38.03254],[-87.16099,38.03278],[-87.16536,38.03095],[-87.16635,38.02952],[-87.16602,38.02824],[-87.16285,38.02667],[-87.15934,38.02699],[-87.1561,38.02658],[-87.15357,38.02501],[-87.15279,38.02358],[-87.15287,38.02055],[-87.1536,38.0195],[-87.15589,38.01768],[-87.15839,38.01705],[-87.16168,38.01795],[-87.1658,38.01851],[-87.16848,38.01847],[-87.16971,38.0178],[-87.17041,38.01641],[-87.16931,38.01316],[-87.17034,38.01092],[-87.17399,38.00949],[-87.17863,38.00971],[-87.18228,38.01077],[-87.18319,38.01016],[-87.18233,38.00816],[-87.18055,38.00727],[-87.17633,38.00719],[-87.17551,38.00671],[-87.17482,38.00474],[-87.17589,38.00266],[-87.17949,38.00068],[-87.18303,38.00276],[-87.18378,38.00075],[-87.18493,37.9993],[-87.1858,37.99652],[-87.1895,37.99307],[-87.19178,37.9919],[-87.19466,37.98957],[-87.19622,37.98745],[-87.20148,37.98525],[-87.20338,37.98363],[-87.20727,37.98148],[-87.21222,37.97773],[-87.21411,37.9759],[-87.21719,37.97476],[-87.22033,37.9727],[-87.22346,37.97205],[-87.2257,37.97167],[-87.22766,37.96975],[-87.23004,37.96605],[-87.2301,37.96454],[-87.22807,37.9615],[-87.22908,37.96024],[-87.22983,37.95929],[-87.22919,37.95563],[-87.23081,37.95626],[-87.23147,37.95577],[-87.23086,37.95198],[-87.23268,37.95132],[-87.23289,37.95014],[-87.23166,37.94908],[-87.2319,37.94812],[-87.23483,37.94981],[-87.23804,37.9503],[-87.23906,37.9523],[-87.24092,37.95227],[-87.24426,37.94866],[-87.24649,37.94547],[-87.24824,37.94398],[-87.25011,37.94354],[-87.25187,37.94232],[-87.25833,37.93542],[-87.25979,37.93326],[-87.26462,37.92938],[-87.26631,37.92685],[-87.26795,37.92517],[-87.26808,37.91912],[-87.26844,37.87916],[-87.26902,37.87797],[-87.27317,37.88012],[-87.28042,37.88564],[-87.29832,37.89592],[-87.30294,37.89771],[-87.3044,37.89827],[-87.31975,37.90552],[-87.33354,37.90834],[-87.33586,37.9074],[-87.34493,37.91116],[-87.35274,37.91609],[-87.35634,37.91972],[-87.35777,37.92037],[-87.36137,37.92082],[-87.36367,37.92224],[-87.37052,37.92823],[-87.37341,37.93116],[-87.37344,37.93196],[-87.37345,37.93224],[-87.38543,37.93767],[-87.39117,37.93906],[-87.39143,37.93912],[-87.39579,37.94018],[-87.39683,37.94058],[-87.40224,37.94268],[-87.40342,37.9429],[-87.40438,37.94307],[-87.41333,37.94471],[-87.41407,37.94469],[-87.42321,37.94435],[-87.42415,37.94432],[-87.42831,37.94505],[-87.4378,37.94422],[-87.44779,37.94243],[-87.45046,37.94145],[-87.45117,37.94108],[-87.45093,37.94245],[-87.45071,37.94776],[-87.45057,37.95504],[-87.45051,37.95753],[-87.4502,37.96947],[-87.45001,37.97668],[-87.45028,37.98367],[-87.44991,37.9912],[-87.44951,38.00344],[-87.44942,38.00405],[-87.44944,38.00453],[-87.4495,38.00556],[-87.45003,38.0339],[-87.44996,38.0344],[-87.44987,38.03517],[-87.46122,38.03495],[-87.47069,38.03502],[-87.47301,38.03513],[-87.47297,38.03618],[-87.47322,38.04232],[-87.47303,38.04942]]]}},{"type":"Feature","properties":{"GEOID":"18175","NAME":"Washington"},"geometry":{"type":"Polygon","coordinates":[[[-86.31006,38.73313],[-86.30829,38.73414],[-86.30223,38.73582],[-86.30282,38.73332],[-86.30193,38.73042],[-86.29972,38.72971],[-86.30075,38.73221],[-86.30026,38.73367],[-86.29799,38.73518],[-86.29476,38.73569],[-86.29206,38.7351],[-86.2904,38.73632],[-86.2906,38.73862],[-86.29156,38.74254],[-86.28798,38.74783],[-86.28804,38.7514],[-86.28656,38.75509],[-86.28309,38.75884],[-86.28204,38.76112],[-86.284,38.76328],[-86.28463,38.76508],[-86.28282,38.76631],[-86.27966,38.76307],[-86.27748,38.76299],[-86.27528,38.7638],[-86.27252,38.76554],[-86.26692,38.76614],[-86.26405,38.76495],[-86.26303,38.76544],[-86.26316,38.76758],[-86.26263,38.76973],[-86.25712,38.77201],[-86.25547,38.77188],[-86.2541,38.77012],[-86.2549,38.76785],[-86.25774,38.76504],[-86.25713,38.7635],[-86.25579,38.76301],[-86.25344,38.76352],[-86.25121,38.76671],[-86.24901,38.76802],[-86.24723,38.76785],[-86.24475,38.76612],[-86.2432,38.76561],[-86.24082,38.76591],[-86.23714,38.7678],[-86.23221,38.77319],[-86.2266,38.77795],[-86.22407,38.77915],[-86.22079,38.77716],[-86.22018,38.77601],[-86.22088,38.77316],[-86.22032,38.7717],[-86.21874,38.77113],[-86.21655,38.77137],[-86.21431,38.77382],[-86.21421,38.77535],[-86.21537,38.7778],[-86.21495,38.77874],[-86.21316,38.77938],[-86.21009,38.77945],[-86.20784,38.77827],[-86.20764,38.77634],[-86.2053,38.77403],[-86.20381,38.77372],[-86.19765,38.77377],[-86.19708,38.77431],[-86.19742,38.77541],[-86.19986,38.776],[-86.20224,38.77595],[-86.20297,38.77802],[-86.20553,38.7799],[-86.2055,38.78181],[-86.20347,38.78257],[-86.20008,38.78237],[-86.19697,38.78075],[-86.19664,38.7783],[-86.19482,38.77709],[-86.18988,38.77663],[-86.1869,38.77749],[-86.1887,38.77944],[-86.18772,38.78093],[-86.18554,38.78292],[-86.1841,38.78359],[-86.18172,38.7824],[-86.18072,38.78094],[-86.17948,38.77748],[-86.17663,38.77486],[-86.17233,38.77284],[-86.16755,38.77262],[-86.16672,38.77344],[-86.1646,38.77509],[-86.16358,38.77483],[-86.15997,38.77258],[-86.15332,38.76878],[-86.14508,38.76693],[-86.14019,38.76543],[-86.13656,38.76354],[-86.13494,38.76243],[-86.13147,38.76379],[-86.12822,38.76376],[-86.12498,38.76411],[-86.1171,38.76685],[-86.11578,38.76698],[-86.11284,38.76621],[-86.10887,38.76713],[-86.10694,38.7671],[-86.10483,38.76577],[-86.10236,38.76575],[-86.10001,38.76732],[-86.09916,38.76893],[-86.10067,38.77374],[-86.1005,38.77584],[-86.09771,38.78108],[-86.09627,38.78244],[-86.09334,38.78346],[-86.09171,38.7834],[-86.08732,38.78205],[-86.08342,38.78135],[-86.08094,38.78051],[-86.07642,38.7766],[-86.07507,38.77473],[-86.07283,38.7745],[-86.06924,38.77695],[-86.06701,38.7781],[-86.06421,38.77864],[-86.06238,38.77833],[-86.06015,38.77709],[-86.05752,38.77446],[-86.05508,38.77313],[-86.05018,38.77083],[-86.04898,38.76965],[-86.04724,38.76668],[-86.04332,38.76245],[-86.04058,38.76089],[-86.0383,38.76089],[-86.03404,38.76173],[-86.03184,38.76132],[-86.03015,38.75855],[-86.02793,38.75617],[-86.02617,38.75576],[-86.02568,38.75699],[-86.02641,38.75869],[-86.02632,38.76134],[-86.02374,38.764],[-86.02208,38.76693],[-86.02041,38.76757],[-86.01553,38.76537],[-86.01527,38.76459],[-86.01743,38.76109],[-86.01679,38.75808],[-86.01489,38.75699],[-86.01094,38.75671],[-86.0096,38.75696],[-86.00647,38.75996],[-86.00366,38.76078],[-86.00088,38.76005],[-85.99778,38.7609],[-85.99679,38.76255],[-85.99626,38.765],[-85.99448,38.7666],[-85.99264,38.7674],[-85.98978,38.76731],[-85.98425,38.76812],[-85.98232,38.76713],[-85.98264,38.76622],[-85.98469,38.76548],[-85.98524,38.76386],[-85.98457,38.76239],[-85.98568,38.75942],[-85.98559,38.75825],[-85.98392,38.75749],[-85.98062,38.75905],[-85.97939,38.75786],[-85.98027,38.75619],[-85.98015,38.75489],[-85.97863,38.75317],[-85.97664,38.75239],[-85.97427,38.75285],[-85.97264,38.75416],[-85.96787,38.75512],[-85.96717,38.75615],[-85.96679,38.75965],[-85.96612,38.76118],[-85.96276,38.76364],[-85.96086,38.76418],[-85.95922,38.76224],[-85.95776,38.76137],[-85.95578,38.76116],[-85.95224,38.76142],[-85.95007,38.76055],[-85.95221,38.75881],[-85.95232,38.7573],[-85.95115,38.75476],[-85.9501,38.75384],[-85.94735,38.75375],[-85.94624,38.75419],[-85.94516,38.75586],[-85.94566,38.7584],[-85.94344,38.76],[-85.9413,38.76027],[-85.9387,38.76243],[-85.93686,38.76291],[-85.93607,38.76192],[-85.93756,38.7608],[-85.93803,38.75945],[-85.93651,38.75583],[-85.93403,38.7551],[-85.93245,38.75581],[-85.92751,38.75606],[-85.92718,38.7551],[-85.92862,38.75343],[-85.928,38.75066],[-85.92529,38.75062],[-85.92297,38.74827],[-85.91836,38.74626],[-85.91602,38.74573],[-85.91535,38.74676],[-85.91818,38.74884],[-85.91953,38.75055],[-85.91859,38.75418],[-85.91628,38.75398],[-85.91611,38.75187],[-85.91386,38.7496],[-85.91237,38.74747],[-85.91114,38.74735],[-85.90976,38.7482],[-85.91003,38.74962],[-85.91208,38.75144],[-85.91254,38.75267],[-85.91175,38.75434],[-85.91169,38.75659],[-85.90968,38.75711],[-85.90845,38.75615],[-85.90842,38.7551],[-85.91,38.75285],[-85.90892,38.75116],[-85.90714,38.75132],[-85.90594,38.75292],[-85.90304,38.75182],[-85.90059,38.75381],[-85.89616,38.75006],[-85.89802,38.74897],[-85.8984,38.74755],[-85.89702,38.74497],[-85.89717,38.74387],[-85.90012,38.74328],[-85.90044,38.7422],[-85.89872,38.74053],[-85.89647,38.74126],[-85.89489,38.74007],[-85.89527,38.73815],[-85.89358,38.73785],[-85.89189,38.73654],[-85.89314,38.73501],[-85.89449,38.73137],[-85.89335,38.72975],[-85.89078,38.72972],[-85.88955,38.73055],[-85.89019,38.7324],[-85.88972,38.73393],[-85.88833,38.73444],[-85.88795,38.70625],[-85.88811,38.6999],[-85.88786,38.68151],[-85.88774,38.6805],[-85.88811,38.64879],[-85.88683,38.64879],[-85.88564,38.57541],[-85.87497,38.57534],[-85.87332,38.57555],[-85.84857,38.57627],[-85.8487,38.57515],[-85.84857,38.56206],[-85.84844,38.56163],[-85.84789,38.56127],[-85.84759,38.54714],[-85.86634,38.54709],[-85.86627,38.51843],[-85.88471,38.51815],[-85.88457,38.5088],[-85.88478,38.50347],[-85.90327,38.50257],[-85.91337,38.50266],[-85.9214,38.50246],[-85.92762,38.50257],[-85.93468,38.50229],[-85.9571,38.50195],[-85.95623,38.49905],[-85.95619,38.48896],[-85.96618,38.48885],[-85.96934,38.4888],[-85.97383,38.48873],[-85.99067,38.48858],[-85.99332,38.48854],[-85.99394,38.47395],[-85.99401,38.47228],[-85.99415,38.45336],[-85.9939,38.4327],[-85.99463,38.42969],[-85.99462,38.41835],[-86.01414,38.41908],[-86.01445,38.41868],[-86.02859,38.41808],[-86.03277,38.4179],[-86.08208,38.41851],[-86.0901,38.41894],[-86.10688,38.41918],[-86.1097,38.41924],[-86.11326,38.41936],[-86.12329,38.41968],[-86.12498,38.41944],[-86.14173,38.41992],[-86.15118,38.42019],[-86.1839,38.42136],[-86.18629,38.42121],[-86.21244,38.4221],[-86.25504,38.42269],[-86.30867,38.42287],[-86.30836,38.47038],[-86.30879,38.47037],[-86.30869,38.47849],[-86.30861,38.48482],[-86.30794,38.52124],[-86.30806,38.52168],[-86.30801,38.55721],[-86.30824,38.55721],[-86.30821,38.56439],[-86.30799,38.58624],[-86.30788,38.62254],[-86.30775,38.64446],[-86.30829,38.65912],[-86.30779,38.6716],[-86.30792,38.67368],[-86.3087,38.6881],[-86.30908,38.70255],[-86.30956,38.73067],[-86.31006,38.73313]]]}},{"type":"Feature","properties":{"GEOID":"18177","NAME":"Wayne"},"geometry":{"type":"Polygon","coordinates":[[[-85.22112,39.82975],[-85.22106,39.83226],[-85.22073,39.87358],[-85.20095,39.8738],[-85.20052,39.94712],[-85.2008,39.9607],[-85.20105,39.97528],[-85.20147,40.00452],[-85.12678,40.0042],[-85.12496,40.00414],[-85.12165,40.00426],[-85.05815,40.00477],[-85.05348,40.00481],[-85.0345,40.00484],[-84.95876,40.00528],[-84.93025,40.00531],[-84.89317,40.00516],[-84.89285,40.00636],[-84.88662,40.00629],[-84.8671,40.00602],[-84.81093,40.00508],[-84.81121,39.99533],[-84.81155,39.97285],[-84.81217,39.93177],[-84.8123,39.92732],[-84.81243,39.92258],[-84.81241,39.91692],[-84.81264,39.90221],[-84.81282,39.89161],[-84.81285,39.8901],[-84.81309,39.87507],[-84.81349,39.85365],[-84.8136,39.8502],[-84.81369,39.84322],[-84.81372,39.8431],[-84.81389,39.83362],[-84.8139,39.83302],[-84.81388,39.83048],[-84.81387,39.82865],[-84.81384,39.82469],[-84.81417,39.81424],[-84.81417,39.81416],[-84.81419,39.81369],[-84.81414,39.81136],[-84.81422,39.80167],[-84.81422,39.79339],[-84.81429,39.7848],[-84.81435,39.74356],[-84.81438,39.72662],[-84.92772,39.72665],[-84.96182,39.72678],[-84.96535,39.72675],[-84.96952,39.7268],[-84.96911,39.72897],[-85.03441,39.72926],[-85.03458,39.71476],[-85.05329,39.71482],[-85.07188,39.71494],[-85.07488,39.71483],[-85.12072,39.71503],[-85.12496,39.71489],[-85.1282,39.71493],[-85.12842,39.71493],[-85.13469,39.715],[-85.18509,39.71552],[-85.1851,39.74462],[-85.1842,39.75876],[-85.18433,39.75925],[-85.18347,39.7884],[-85.20234,39.78859],[-85.22112,39.78845],[-85.22102,39.81105],[-85.22114,39.81185],[-85.22112,39.82975]]]}},{"type":"Feature","properties":{"GEOID":"18179","NAME":"Wells"},"geometry":{"type":"Polygon","coordinates":[[[-85.44882,40.65361],[-85.39827,40.65369],[-85.39484,40.65398],[-85.34396,40.6548],[-85.33467,40.65441],[-85.33482,40.68346],[-85.3349,40.7127],[-85.33504,40.74203],[-85.33541,40.80068],[-85.33551,40.82082],[-85.33551,40.82166],[-85.33546,40.83065],[-85.33542,40.85991],[-85.33558,40.87452],[-85.33603,40.91708],[-85.2902,40.91704],[-85.2861,40.91704],[-85.27112,40.91706],[-85.27018,40.91706],[-85.22339,40.91698],[-85.10972,40.91733],[-85.07386,40.91782],[-85.07231,40.83154],[-85.0722,40.83091],[-85.07153,40.80091],[-85.07101,40.74312],[-85.0703,40.74312],[-85.06961,40.68683],[-85.06946,40.67972],[-85.06943,40.65552],[-85.07039,40.65552],[-85.06848,40.56824],[-85.08541,40.56801],[-85.08765,40.56811],[-85.10692,40.56782],[-85.18339,40.56726],[-85.20115,40.56724],[-85.221,40.56725],[-85.28801,40.56712],[-85.33367,40.56733],[-85.44701,40.56693],[-85.44813,40.62513],[-85.44899,40.65127],[-85.44882,40.65361]]]}},{"type":"Feature","properties":{"GEOID":"18181","NAME":"White"},"geometry":{"type":"Polygon","coordinates":[[[-87.09979,40.83761],[-87.00572,40.83791],[-86.98644,40.83792],[-86.98684,40.85236],[-86.98719,40.88173],[-86.98735,40.89621],[-86.98744,40.91218],[-86.93076,40.91242],[-86.87875,40.91242],[-86.87276,40.91244],[-86.8151,40.91248],[-86.77585,40.91246],[-86.71129,40.91218],[-86.71087,40.91218],[-86.69972,40.91224],[-86.69674,40.91223],[-86.62021,40.91142],[-86.62021,40.91141],[-86.60192,40.91116],[-86.58388,40.91096],[-86.58153,40.91092],[-86.58089,40.86259],[-86.5804,40.82481],[-86.58111,40.77988],[-86.58157,40.75409],[-86.58162,40.75039],[-86.58174,40.73577],[-86.62039,40.73622],[-86.62993,40.73628],[-86.65878,40.7366],[-86.67799,40.73675],[-86.6971,40.7371],[-86.70197,40.73715],[-86.74776,40.73754],[-86.75268,40.73387],[-86.75357,40.73221],[-86.75431,40.73159],[-86.75727,40.72703],[-86.75747,40.72618],[-86.75753,40.72376],[-86.75629,40.72161],[-86.75001,40.71956],[-86.74746,40.71799],[-86.74782,40.71626],[-86.75001,40.71492],[-86.7549,40.71348],[-86.75869,40.7102],[-86.75964,40.70549],[-86.75955,40.70281],[-86.76194,40.70009],[-86.76137,40.69792],[-86.75583,40.69523],[-86.75508,40.69356],[-86.75481,40.69021],[-86.75372,40.68935],[-86.75096,40.68912],[-86.74871,40.6884],[-86.74949,40.68726],[-86.7531,40.68681],[-86.75414,40.68582],[-86.75539,40.68327],[-86.76073,40.68222],[-86.76223,40.67989],[-86.76171,40.67863],[-86.75859,40.67698],[-86.7557,40.67696],[-86.74859,40.67816],[-86.74559,40.68205],[-86.74424,40.68247],[-86.74259,40.68124],[-86.74227,40.67959],[-86.74269,40.67837],[-86.74545,40.67462],[-86.74743,40.67342],[-86.74948,40.67319],[-86.75142,40.67193],[-86.75418,40.67145],[-86.75538,40.67077],[-86.75822,40.66755],[-86.7583,40.66428],[-86.77423,40.66403],[-86.77385,40.64919],[-86.77261,40.64919],[-86.77271,40.64825],[-86.77257,40.63887],[-86.77255,40.63832],[-86.77187,40.6086],[-86.77212,40.60766],[-86.77181,40.59406],[-86.77129,40.56208],[-86.81719,40.56209],[-86.86899,40.56167],[-86.92495,40.56159],[-86.94401,40.56171],[-86.98155,40.56199],[-86.9916,40.56213],[-87.0012,40.56221],[-87.00205,40.56231],[-87.09536,40.56289],[-87.0973,40.64955],[-87.09741,40.66411],[-87.09776,40.66674],[-87.09734,40.66791],[-87.0972,40.72153],[-87.09682,40.73649],[-87.09839,40.73654],[-87.09869,40.76558],[-87.09905,40.77475],[-87.09927,40.7801],[-87.09964,40.82304],[-87.09979,40.83761]]]}},{"type":"Feature","properties":{"GEOID":"18183","NAME":"Whitley"},"geometry":{"type":"Polygon","coordinates":[[[-85.68657,41.17838],[-85.68391,41.17834],[-85.67173,41.17857],[-85.65272,41.17849],[-85.65256,41.18611],[-85.65207,41.2075],[-85.65191,41.21413],[-85.6512,41.26577],[-85.65173,41.28759],[-85.65193,41.29478],[-85.57796,41.29535],[-85.53629,41.29524],[-85.53676,41.28095],[-85.53718,41.26616],[-85.53323,41.26624],[-85.52936,41.26615],[-85.50231,41.26559],[-85.49105,41.2655],[-85.46221,41.26518],[-85.43355,41.26506],[-85.42405,41.26505],[-85.39358,41.26493],[-85.36593,41.26474],[-85.34666,41.2645],[-85.30778,41.26416],[-85.30922,41.25104],[-85.3095,41.23519],[-85.30973,41.2195],[-85.30979,41.17889],[-85.33828,41.17907],[-85.33821,41.17275],[-85.33773,41.13369],[-85.33702,41.08972],[-85.33678,41.07502],[-85.33653,41.05907],[-85.33624,41.04467],[-85.3361,41.03384],[-85.33564,41.00525],[-85.41316,41.00524],[-85.45215,41.00523],[-85.48989,41.0042],[-85.54919,41.00335],[-85.56645,41.00306],[-85.64384,41.0023],[-85.6832,41.00191],[-85.68335,41.00905],[-85.68418,41.04672],[-85.68512,41.07568],[-85.68603,41.11793],[-85.68642,41.16125],[-85.68657,41.17838]]]}}]}